setting libfabric environment variables for conda-build
FI_PROVIDER=tcp
setting libfabric environment variables for conda-build
FI_PROVIDER=tcp
{
    "actions": {
        "LINK": [
            {
                "build": "hd8ed1ab_1",
                "build_number": 0,
                "build_string": "hd8ed1ab_1",
                "channel": "https://conda.anaconda.org/conda-forge",
                "constrains": [],
                "depends": [],
                "fn": "nanobind-abi-16-hd8ed1ab_1.conda",
                "license": "",
                "md5": "42fb2e60c1d51b8e7b29db5e8c706faf",
                "name": "nanobind-abi",
                "size": 0,
                "subdir": "noarch",
                "timestamp": 0,
                "track_features": "",
                "url": "https://conda.anaconda.org/conda-forge/noarch/nanobind-abi-16-hd8ed1ab_1.conda",
                "version": "16"
            },
            {
                "build": "h707e725_3",
                "build_number": 0,
                "build_string": "h707e725_3",
                "channel": "https://conda.anaconda.org/conda-forge",
                "constrains": [],
                "depends": [],
                "fn": "libboost-headers-1.90.0-h707e725_3.conda",
                "license": "",
                "md5": "728d99be2ec827372c0eacea4c1baa10",
                "name": "libboost-headers",
                "size": 0,
                "subdir": "noarch",
                "timestamp": 0,
                "track_features": "",
                "url": "https://conda.anaconda.org/conda-forge/noarch/libboost-headers-1.90.0-h707e725_3.conda",
                "version": "1.90.0"
            },
            {
                "build": "haec879b_1",
                "build_number": 0,
                "build_string": "haec879b_1",
                "channel": "https://conda.anaconda.org/conda-forge",
                "constrains": [],
                "depends": [],
                "fn": "fenics-ufcx-0.10.1-haec879b_1.conda",
                "license": "",
                "md5": "648c8f70050d8618bd73f195fb72e01e",
                "name": "fenics-ufcx",
                "size": 0,
                "subdir": "noarch",
                "timestamp": 0,
                "track_features": "",
                "url": "https://conda.anaconda.org/conda-forge/noarch/fenics-ufcx-0.10.1-haec879b_1.conda",
                "version": "0.10.1"
            },
            {
                "build": "h86e191b_107",
                "build_number": 0,
                "build_string": "h86e191b_107",
                "channel": "https://conda.anaconda.org/conda-forge",
                "constrains": [],
                "depends": [],
                "fn": "libstdcxx-devel_linux-64-16.2.0-h86e191b_107.conda",
                "license": "",
                "md5": "a713d3c09518a9fc8f603ac0e157263c",
                "name": "libstdcxx-devel_linux-64",
                "size": 0,
                "subdir": "noarch",
                "timestamp": 0,
                "track_features": "",
                "url": "https://conda.anaconda.org/conda-forge/noarch/libstdcxx-devel_linux-64-16.2.0-h86e191b_107.conda",
                "version": "16.2.0"
            },
            {
                "build": "he3ce08f_107",
                "build_number": 0,
                "build_string": "he3ce08f_107",
                "channel": "https://conda.anaconda.org/conda-forge",
                "constrains": [],
                "depends": [],
                "fn": "libgcc-devel_linux-64-16.2.0-he3ce08f_107.conda",
                "license": "",
                "md5": "f689d67c3e828fe80ff290d15f361bc5",
                "name": "libgcc-devel_linux-64",
                "size": 0,
                "subdir": "noarch",
                "timestamp": 0,
                "track_features": "",
                "url": "https://conda.anaconda.org/conda-forge/noarch/libgcc-devel_linux-64-16.2.0-he3ce08f_107.conda",
                "version": "16.2.0"
            },
            {
                "build": "9_cp312",
                "build_number": 0,
                "build_string": "9_cp312",
                "channel": "https://conda.anaconda.org/conda-forge",
                "constrains": [],
                "depends": [],
                "fn": "python_abi-3.12-9_cp312.conda",
                "license": "",
                "md5": "4c32076993e6270825441d059ab5c18b",
                "name": "python_abi",
                "size": 0,
                "subdir": "noarch",
                "timestamp": 0,
                "track_features": "",
                "url": "https://conda.anaconda.org/conda-forge/noarch/python_abi-3.12-9_cp312.conda",
                "version": "3.12"
            },
            {
                "build": "hbd8a1cb_0",
                "build_number": 0,
                "build_string": "hbd8a1cb_0",
                "channel": "https://conda.anaconda.org/conda-forge",
                "constrains": [],
                "depends": [],
                "fn": "ca-certificates-2026.7.22-hbd8a1cb_0.conda",
                "license": "",
                "md5": "0f51e2391ade309db462a55611263e9c",
                "name": "ca-certificates",
                "size": 0,
                "subdir": "noarch",
                "timestamp": 0,
                "track_features": "",
                "url": "https://conda.anaconda.org/conda-forge/noarch/ca-certificates-2026.7.22-hbd8a1cb_0.conda",
                "version": "2026.7.22"
            },
            {
                "build": "h151e31d_0",
                "build_number": 0,
                "build_string": "h151e31d_0",
                "channel": "https://conda.anaconda.org/conda-forge",
                "constrains": [],
                "depends": [],
                "fn": "tzdata-2026c-h151e31d_0.conda",
                "license": "",
                "md5": "fcb489df604d100968b737f2cb6076c6",
                "name": "tzdata",
                "size": 0,
                "subdir": "noarch",
                "timestamp": 0,
                "track_features": "",
                "url": "https://conda.anaconda.org/conda-forge/noarch/tzdata-2026c-h151e31d_0.conda",
                "version": "2026c"
            },
            {
                "build": "3_x86_64_v3",
                "build_number": 0,
                "build_string": "3_x86_64_v3",
                "channel": "https://conda.anaconda.org/conda-forge",
                "constrains": [],
                "depends": [],
                "fn": "_x86_64-microarch-level-3-3_x86_64_v3.conda",
                "license": "",
                "md5": "71b564babd2acba41fee541e5912b125",
                "name": "_x86_64-microarch-level",
                "size": 0,
                "subdir": "noarch",
                "timestamp": 0,
                "track_features": "",
                "url": "https://conda.anaconda.org/conda-forge/noarch/_x86_64-microarch-level-3-3_x86_64_v3.conda",
                "version": "3"
            },
            {
                "build": "mpich",
                "build_number": 0,
                "build_string": "mpich",
                "channel": "https://conda.anaconda.org/conda-forge",
                "constrains": [],
                "depends": [],
                "fn": "mpi-1.0.1-mpich.conda",
                "license": "",
                "md5": "1052de900d672ec8b3713b8e300a8f06",
                "name": "mpi",
                "size": 0,
                "subdir": "noarch",
                "timestamp": 0,
                "track_features": "",
                "url": "https://conda.anaconda.org/conda-forge/noarch/mpi-1.0.1-mpich.conda",
                "version": "1.0.1"
            },
            {
                "build": "he073ed8_3",
                "build_number": 0,
                "build_string": "he073ed8_3",
                "channel": "https://conda.anaconda.org/conda-forge",
                "constrains": [],
                "depends": [],
                "fn": "kernel-headers_linux-64-5.14.0-he073ed8_3.conda",
                "license": "",
                "md5": "1e453742ed8f6b4250c66be1dd6ba4fe",
                "name": "kernel-headers_linux-64",
                "size": 0,
                "subdir": "noarch",
                "timestamp": 0,
                "track_features": "",
                "url": "https://conda.anaconda.org/conda-forge/noarch/kernel-headers_linux-64-5.14.0-he073ed8_3.conda",
                "version": "5.14.0"
            },
            {
                "build": "hab24e00_0",
                "build_number": 0,
                "build_string": "hab24e00_0",
                "channel": "https://conda.anaconda.org/conda-forge",
                "constrains": [],
                "depends": [],
                "fn": "font-ttf-dejavu-sans-mono-2.37-hab24e00_0.tar.bz2",
                "license": "",
                "md5": "0c96522c6bdaed4b1566d11387caaf45",
                "name": "font-ttf-dejavu-sans-mono",
                "size": 0,
                "subdir": "noarch",
                "timestamp": 0,
                "track_features": "",
                "url": "https://conda.anaconda.org/conda-forge/noarch/font-ttf-dejavu-sans-mono-2.37-hab24e00_0.tar.bz2",
                "version": "2.37"
            },
            {
                "build": "h77eed37_0",
                "build_number": 0,
                "build_string": "h77eed37_0",
                "channel": "https://conda.anaconda.org/conda-forge",
                "constrains": [],
                "depends": [],
                "fn": "font-ttf-inconsolata-3.000-h77eed37_0.tar.bz2",
                "license": "",
                "md5": "34893075a5c9e55cdafac56607368fc6",
                "name": "font-ttf-inconsolata",
                "size": 0,
                "subdir": "noarch",
                "timestamp": 0,
                "track_features": "",
                "url": "https://conda.anaconda.org/conda-forge/noarch/font-ttf-inconsolata-3.000-h77eed37_0.tar.bz2",
                "version": "3.000"
            },
            {
                "build": "h77eed37_0",
                "build_number": 0,
                "build_string": "h77eed37_0",
                "channel": "https://conda.anaconda.org/conda-forge",
                "constrains": [],
                "depends": [],
                "fn": "font-ttf-source-code-pro-2.038-h77eed37_0.tar.bz2",
                "license": "",
                "md5": "4d59c254e01d9cde7957100457e2d5fb",
                "name": "font-ttf-source-code-pro",
                "size": 0,
                "subdir": "noarch",
                "timestamp": 0,
                "track_features": "",
                "url": "https://conda.anaconda.org/conda-forge/noarch/font-ttf-source-code-pro-2.038-h77eed37_0.tar.bz2",
                "version": "2.038"
            },
            {
                "build": "h77eed37_3",
                "build_number": 0,
                "build_string": "h77eed37_3",
                "channel": "https://conda.anaconda.org/conda-forge",
                "constrains": [],
                "depends": [],
                "fn": "font-ttf-ubuntu-0.83-h77eed37_3.conda",
                "license": "",
                "md5": "49023d73832ef61042f6a237cb2687e7",
                "name": "font-ttf-ubuntu",
                "size": 0,
                "subdir": "noarch",
                "timestamp": 0,
                "track_features": "",
                "url": "https://conda.anaconda.org/conda-forge/noarch/font-ttf-ubuntu-0.83-h77eed37_3.conda",
                "version": "0.83"
            },
            {
                "build": "hd8ed1ab_0",
                "build_number": 0,
                "build_string": "hd8ed1ab_0",
                "channel": "https://conda.anaconda.org/conda-forge",
                "constrains": [],
                "depends": [],
                "fn": "wayland-protocols-1.49-hd8ed1ab_0.conda",
                "license": "",
                "md5": "0839a3421140d4a9ba93fb988698fc00",
                "name": "wayland-protocols",
                "size": 0,
                "subdir": "noarch",
                "timestamp": 0,
                "track_features": "",
                "url": "https://conda.anaconda.org/conda-forge/noarch/wayland-protocols-1.49-hd8ed1ab_0.conda",
                "version": "1.49"
            },
            {
                "build": "h087de78_3",
                "build_number": 0,
                "build_string": "h087de78_3",
                "channel": "https://conda.anaconda.org/conda-forge",
                "constrains": [],
                "depends": [],
                "fn": "sysroot_linux-64-2.34-h087de78_3.conda",
                "license": "",
                "md5": "b04e3a97151611d6a35c8c068b2a03a2",
                "name": "sysroot_linux-64",
                "size": 0,
                "subdir": "noarch",
                "timestamp": 0,
                "track_features": "",
                "url": "https://conda.anaconda.org/conda-forge/noarch/sysroot_linux-64-2.34-h087de78_3.conda",
                "version": "2.34"
            },
            {
                "build": "hc364b38_1",
                "build_number": 0,
                "build_string": "hc364b38_1",
                "channel": "https://conda.anaconda.org/conda-forge",
                "constrains": [],
                "depends": [],
                "fn": "fonts-conda-forge-1-hc364b38_1.conda",
                "license": "",
                "md5": "a7970cd949a077b7cb9696379d338681",
                "name": "fonts-conda-forge",
                "size": 0,
                "subdir": "noarch",
                "timestamp": 0,
                "track_features": "",
                "url": "https://conda.anaconda.org/conda-forge/noarch/fonts-conda-forge-1-hc364b38_1.conda",
                "version": "1"
            },
            {
                "build": "0",
                "build_number": 0,
                "build_string": "0",
                "channel": "https://conda.anaconda.org/conda-forge",
                "constrains": [],
                "depends": [],
                "fn": "fonts-conda-ecosystem-1-0.tar.bz2",
                "license": "",
                "md5": "fee5683a3f04bd15cbd8318b096a27ab",
                "name": "fonts-conda-ecosystem",
                "size": 0,
                "subdir": "noarch",
                "timestamp": 0,
                "track_features": "",
                "url": "https://conda.anaconda.org/conda-forge/noarch/fonts-conda-ecosystem-1-0.tar.bz2",
                "version": "1"
            },
            {
                "build": "he0feb66_7",
                "build_number": 0,
                "build_string": "he0feb66_7",
                "channel": "https://conda.anaconda.org/conda-forge",
                "constrains": [],
                "depends": [],
                "fn": "libgomp-16.2.0-he0feb66_7.conda",
                "license": "",
                "md5": "d904c7ddd95e026254b4b80808ee9e12",
                "name": "libgomp",
                "size": 0,
                "subdir": "linux-64",
                "timestamp": 0,
                "track_features": "",
                "url": "https://conda.anaconda.org/conda-forge/linux-64/libgomp-16.2.0-he0feb66_7.conda",
                "version": "16.2.0"
            },
            {
                "build": "h25fd6f3_3",
                "build_number": 0,
                "build_string": "h25fd6f3_3",
                "channel": "https://conda.anaconda.org/conda-forge",
                "constrains": [],
                "depends": [],
                "fn": "libzlib-1.3.2-h25fd6f3_3.conda",
                "license": "",
                "md5": "0de0122d9570a8ab637c6b73db268389",
                "name": "libzlib",
                "size": 0,
                "subdir": "linux-64",
                "timestamp": 0,
                "track_features": "",
                "url": "https://conda.anaconda.org/conda-forge/linux-64/libzlib-1.3.2-h25fd6f3_3.conda",
                "version": "1.3.2"
            },
            {
                "build": "ha4b6fd6_5",
                "build_number": 0,
                "build_string": "ha4b6fd6_5",
                "channel": "https://conda.anaconda.org/conda-forge",
                "constrains": [],
                "depends": [],
                "fn": "libglvnd-1.7.0-ha4b6fd6_5.conda",
                "license": "",
                "md5": "cfcf11edcfd4acf0094771a9c3b8587f",
                "name": "libglvnd",
                "size": 0,
                "subdir": "linux-64",
                "timestamp": 0,
                "track_features": "",
                "url": "https://conda.anaconda.org/conda-forge/linux-64/libglvnd-1.7.0-ha4b6fd6_5.conda",
                "version": "1.7.0"
            },
            {
                "build": "h19c2612_3",
                "build_number": 0,
                "build_string": "h19c2612_3",
                "channel": "https://conda.anaconda.org/conda-forge",
                "constrains": [],
                "depends": [],
                "fn": "eigen-5.0.1-h19c2612_3.conda",
                "license": "",
                "md5": "cf1f7131e9055f06f07a834091f44ca4",
                "name": "eigen",
                "size": 0,
                "subdir": "linux-64",
                "timestamp": 0,
                "track_features": "",
                "url": "https://conda.anaconda.org/conda-forge/linux-64/eigen-5.0.1-h19c2612_3.conda",
                "version": "5.0.1"
            },
            {
                "build": "hf414acd_3",
                "build_number": 0,
                "build_string": "hf414acd_3",
                "channel": "https://conda.anaconda.org/conda-forge",
                "constrains": [],
                "depends": [],
                "fn": "eigen-abi-5.0.1.80-hf414acd_3.conda",
                "license": "",
                "md5": "56a1cca9a4a7bed2999630e5644c8d0e",
                "name": "eigen-abi",
                "size": 0,
                "subdir": "linux-64",
                "timestamp": 0,
                "track_features": "",
                "url": "https://conda.anaconda.org/conda-forge/linux-64/eigen-abi-5.0.1.80-hf414acd_3.conda",
                "version": "5.0.1.80"
            },
            {
                "build": "ha770c72_0",
                "build_number": 0,
                "build_string": "ha770c72_0",
                "channel": "https://conda.anaconda.org/conda-forge",
                "constrains": [],
                "depends": [],
                "fn": "utfcpp-4.09-ha770c72_0.conda",
                "license": "",
                "md5": "99884244028fe76046e3914f90d4ad05",
                "name": "utfcpp",
                "size": 0,
                "subdir": "linux-64",
                "timestamp": 0,
                "track_features": "",
                "url": "https://conda.anaconda.org/conda-forge/linux-64/utfcpp-4.09-ha770c72_0.conda",
                "version": "4.09"
            },
            {
                "build": "h54a6638_2",
                "build_number": 0,
                "build_string": "h54a6638_2",
                "channel": "https://conda.anaconda.org/conda-forge",
                "constrains": [],
                "depends": [],
                "fn": "nlohmann_json-3.12.0-h54a6638_2.conda",
                "license": "",
                "md5": "fe93be7dd9209e6ae673962e3031ff51",
                "name": "nlohmann_json",
                "size": 0,
                "subdir": "linux-64",
                "timestamp": 0,
                "track_features": "",
                "url": "https://conda.anaconda.org/conda-forge/linux-64/nlohmann_json-3.12.0-h54a6638_2.conda",
                "version": "3.12.0"
            },
            {
                "build": "h7148c6a_0",
                "build_number": 0,
                "build_string": "h7148c6a_0",
                "channel": "https://conda.anaconda.org/conda-forge",
                "constrains": [],
                "depends": [],
                "fn": "llvm-openmp-23.1.2-h7148c6a_0.conda",
                "license": "",
                "md5": "ea93fc2d6563d7401bba4a6fffd9d641",
                "name": "llvm-openmp",
                "size": 0,
                "subdir": "linux-64",
                "timestamp": 0,
                "track_features": "",
                "url": "https://conda.anaconda.org/conda-forge/linux-64/llvm-openmp-23.1.2-h7148c6a_0.conda",
                "version": "23.1.2"
            },
            {
                "build": "h580308f_3",
                "build_number": 0,
                "build_string": "h580308f_3",
                "channel": "https://conda.anaconda.org/conda-forge",
                "constrains": [],
                "depends": [],
                "fn": "mumps-include-5.8.2-h580308f_3.conda",
                "license": "",
                "md5": "6844818898a06bb4f0c6ffdccfa7c5b2",
                "name": "mumps-include",
                "size": 0,
                "subdir": "linux-64",
                "timestamp": 0,
                "track_features": "",
                "url": "https://conda.anaconda.org/conda-forge/linux-64/mumps-include-5.8.2-h580308f_3.conda",
                "version": "5.8.2"
            },
            {
                "build": "py312h8b13081_1",
                "build_number": 0,
                "build_string": "py312h8b13081_1",
                "channel": "https://conda.anaconda.org/conda-forge",
                "constrains": [],
                "depends": [],
                "fn": "fenics-basix-nanobind-abi-2.16-py312h8b13081_1.conda",
                "license": "",
                "md5": "57bf366fbd0f8fc8801a2ed32baefc7c",
                "name": "fenics-basix-nanobind-abi",
                "size": 0,
                "subdir": "linux-64",
                "timestamp": 0,
                "track_features": "",
                "url": "https://conda.anaconda.org/conda-forge/linux-64/fenics-basix-nanobind-abi-2.16-py312h8b13081_1.conda",
                "version": "2.16"
            },
            {
                "build": "hb78ec9c_7",
                "build_number": 0,
                "build_string": "hb78ec9c_7",
                "channel": "https://conda.anaconda.org/conda-forge",
                "constrains": [],
                "depends": [],
                "fn": "zstd-1.5.7-hb78ec9c_7.conda",
                "license": "",
                "md5": "aa459086047c0e5e27023ab19f8cb86a",
                "name": "zstd",
                "size": 0,
                "subdir": "linux-64",
                "timestamp": 0,
                "track_features": "",
                "url": "https://conda.anaconda.org/conda-forge/linux-64/zstd-1.5.7-hb78ec9c_7.conda",
                "version": "1.5.7"
            },
            {
                "build": "ha4b6fd6_5",
                "build_number": 0,
                "build_string": "ha4b6fd6_5",
                "channel": "https://conda.anaconda.org/conda-forge",
                "constrains": [],
                "depends": [],
                "fn": "libegl-1.7.0-ha4b6fd6_5.conda",
                "license": "",
                "md5": "3a1b41c4591a0a1734382af3e2b8bc08",
                "name": "libegl",
                "size": 0,
                "subdir": "linux-64",
                "timestamp": 0,
                "track_features": "",
                "url": "https://conda.anaconda.org/conda-forge/linux-64/libegl-1.7.0-ha4b6fd6_5.conda",
                "version": "1.7.0"
            },
            {
                "build": "ha4b6fd6_5",
                "build_number": 0,
                "build_string": "ha4b6fd6_5",
                "channel": "https://conda.anaconda.org/conda-forge",
                "constrains": [],
                "depends": [],
                "fn": "libopengl-1.7.0-ha4b6fd6_5.conda",
                "license": "",
                "md5": "d207a2e9bae9da476bc0a603215d5167",
                "name": "libopengl",
                "size": 0,
                "subdir": "linux-64",
                "timestamp": 0,
                "track_features": "",
                "url": "https://conda.anaconda.org/conda-forge/linux-64/libopengl-1.7.0-ha4b6fd6_5.conda",
                "version": "1.7.0"
            },
            {
                "build": "8_kmp_llvm",
                "build_number": 0,
                "build_string": "8_kmp_llvm",
                "channel": "https://conda.anaconda.org/conda-forge",
                "constrains": [],
                "depends": [],
                "fn": "_openmp_mutex-4.5-8_kmp_llvm.conda",
                "license": "",
                "md5": "b4d1b93dd1dab4eea23395fd5e5b357d",
                "name": "_openmp_mutex",
                "size": 0,
                "subdir": "linux-64",
                "timestamp": 0,
                "track_features": "",
                "url": "https://conda.anaconda.org/conda-forge/linux-64/_openmp_mutex-4.5-8_kmp_llvm.conda",
                "version": "4.5"
            },
            {
                "build": "default_hbd61a6d_102",
                "build_number": 0,
                "build_string": "default_hbd61a6d_102",
                "channel": "https://conda.anaconda.org/conda-forge",
                "constrains": [],
                "depends": [],
                "fn": "ld_impl_linux-64-2.46.1-default_hbd61a6d_102.conda",
                "license": "",
                "md5": "449500f2c089da11c40f5c21312e3e07",
                "name": "ld_impl_linux-64",
                "size": 0,
                "subdir": "linux-64",
                "timestamp": 0,
                "track_features": "",
                "url": "https://conda.anaconda.org/conda-forge/linux-64/ld_impl_linux-64-2.46.1-default_hbd61a6d_102.conda",
                "version": "2.46.1"
            },
            {
                "build": "ha4b6fd6_5",
                "build_number": 0,
                "build_string": "ha4b6fd6_5",
                "channel": "https://conda.anaconda.org/conda-forge",
                "constrains": [],
                "depends": [],
                "fn": "libopengl-devel-1.7.0-ha4b6fd6_5.conda",
                "license": "",
                "md5": "1f14643f3050957c6c44618c5f72054b",
                "name": "libopengl-devel",
                "size": 0,
                "subdir": "linux-64",
                "timestamp": 0,
                "track_features": "",
                "url": "https://conda.anaconda.org/conda-forge/linux-64/libopengl-devel-1.7.0-ha4b6fd6_5.conda",
                "version": "1.7.0"
            },
            {
                "build": "ha9f2e26_7",
                "build_number": 0,
                "build_string": "ha9f2e26_7",
                "channel": "https://conda.anaconda.org/conda-forge",
                "constrains": [],
                "depends": [],
                "fn": "libgcc-16.2.0-ha9f2e26_7.conda",
                "license": "",
                "md5": "735629b400b70eeab21a2ba8f5b1c2ce",
                "name": "libgcc",
                "size": 0,
                "subdir": "linux-64",
                "timestamp": 0,
                "track_features": "",
                "url": "https://conda.anaconda.org/conda-forge/linux-64/libgcc-16.2.0-ha9f2e26_7.conda",
                "version": "16.2.0"
            },
            {
                "build": "default_hfdba357_102",
                "build_number": 0,
                "build_string": "default_hfdba357_102",
                "channel": "https://conda.anaconda.org/conda-forge",
                "constrains": [],
                "depends": [],
                "fn": "binutils_impl_linux-64-2.46.1-default_hfdba357_102.conda",
                "license": "",
                "md5": "a0c5e0b7f58c8ceeb08e5bc41251d5a2",
                "name": "binutils_impl_linux-64",
                "size": 0,
                "subdir": "linux-64",
                "timestamp": 0,
                "track_features": "",
                "url": "https://conda.anaconda.org/conda-forge/linux-64/binutils_impl_linux-64-2.46.1-default_hfdba357_102.conda",
                "version": "2.46.1"
            },
            {
                "build": "hebe6cf0_3",
                "build_number": 0,
                "build_string": "hebe6cf0_3",
                "channel": "https://conda.anaconda.org/conda-forge",
                "constrains": [],
                "depends": [],
                "fn": "yaml-0.2.5-hebe6cf0_3.conda",
                "license": "",
                "md5": "e741576fb8f89821ac7c1c537322a33d",
                "name": "yaml",
                "size": 0,
                "subdir": "linux-64",
                "timestamp": 0,
                "track_features": "",
                "url": "https://conda.anaconda.org/conda-forge/linux-64/yaml-0.2.5-hebe6cf0_3.conda",
                "version": "0.2.5"
            },
            {
                "build": "h3435931_0",
                "build_number": 0,
                "build_string": "h3435931_0",
                "channel": "https://conda.anaconda.org/conda-forge",
                "constrains": [],
                "depends": [],
                "fn": "libffi-3.5.2-h3435931_0.conda",
                "license": "",
                "md5": "a360c33a5abe61c07959e449fa1453eb",
                "name": "libffi",
                "size": 0,
                "subdir": "linux-64",
                "timestamp": 0,
                "track_features": "",
                "url": "https://conda.anaconda.org/conda-forge/linux-64/libffi-3.5.2-h3435931_0.conda",
                "version": "3.5.2"
            },
            {
                "build": "h7cc23a3_2",
                "build_number": 0,
                "build_string": "h7cc23a3_2",
                "channel": "https://conda.anaconda.org/conda-forge",
                "constrains": [],
                "depends": [],
                "fn": "xorg-libxau-1.0.12-h7cc23a3_2.conda",
                "license": "",
                "md5": "da33efee1a93603d92e06d4a2b68def6",
                "name": "xorg-libxau",
                "size": 0,
                "subdir": "linux-64",
                "timestamp": 0,
                "track_features": "",
                "url": "https://conda.anaconda.org/conda-forge/linux-64/xorg-libxau-1.0.12-h7cc23a3_2.conda",
                "version": "1.0.12"
            },
            {
                "build": "h7cc23a3_2",
                "build_number": 0,
                "build_string": "h7cc23a3_2",
                "channel": "https://conda.anaconda.org/conda-forge",
                "constrains": [],
                "depends": [],
                "fn": "xorg-libxdmcp-1.1.5-h7cc23a3_2.conda",
                "license": "",
                "md5": "eabfc45786244de252090cf8d55128a8",
                "name": "xorg-libxdmcp",
                "size": 0,
                "subdir": "linux-64",
                "timestamp": 0,
                "track_features": "",
                "url": "https://conda.anaconda.org/conda-forge/linux-64/xorg-libxdmcp-1.1.5-h7cc23a3_2.conda",
                "version": "1.1.5"
            },
            {
                "build": "h280c20c_0",
                "build_number": 0,
                "build_string": "h280c20c_0",
                "channel": "https://conda.anaconda.org/conda-forge",
                "constrains": [],
                "depends": [],
                "fn": "xorg-libice-1.1.2-h280c20c_0.conda",
                "license": "",
                "md5": "85c9442aec283b4e464fa9ecc484a2f3",
                "name": "xorg-libice",
                "size": 0,
                "subdir": "linux-64",
                "timestamp": 0,
                "track_features": "",
                "url": "https://conda.anaconda.org/conda-forge/linux-64/xorg-libice-1.1.2-h280c20c_0.conda",
                "version": "1.1.2"
            },
            {
                "build": "h39d0f39_1",
                "build_number": 0,
                "build_string": "h39d0f39_1",
                "channel": "https://conda.anaconda.org/conda-forge",
                "constrains": [],
                "depends": [],
                "fn": "libdovi-3.4.0-h39d0f39_1.conda",
                "license": "",
                "md5": "c408b3aee110b40687bfcd51fbe85810",
                "name": "libdovi",
                "size": 0,
                "subdir": "linux-64",
                "timestamp": 0,
                "track_features": "",
                "url": "https://conda.anaconda.org/conda-forge/linux-64/libdovi-3.4.0-h39d0f39_1.conda",
                "version": "3.4.0"
            },
            {
                "build": "h084b8d7_1",
                "build_number": 0,
                "build_string": "h084b8d7_1",
                "channel": "https://conda.anaconda.org/conda-forge",
                "constrains": [],
                "depends": [],
                "fn": "libcap-2.78-h084b8d7_1.conda",
                "license": "",
                "md5": "5db514adf5f843126ff846d1510f22a4",
                "name": "libcap",
                "size": 0,
                "subdir": "linux-64",
                "timestamp": 0,
                "track_features": "",
                "url": "https://conda.anaconda.org/conda-forge/linux-64/libcap-2.78-h084b8d7_1.conda",
                "version": "2.78"
            },
            {
                "build": "hebe6cf0_4",
                "build_number": 0,
                "build_string": "hebe6cf0_4",
                "channel": "https://conda.anaconda.org/conda-forge",
                "constrains": [],
                "depends": [],
                "fn": "libdav1d7-1.5.4-hebe6cf0_4.conda",
                "license": "",
                "md5": "ad38caba8fd619ac5e6d5fef0a6678cd",
                "name": "libdav1d7",
                "size": 0,
                "subdir": "linux-64",
                "timestamp": 0,
                "track_features": "",
                "url": "https://conda.anaconda.org/conda-forge/linux-64/libdav1d7-1.5.4-hebe6cf0_4.conda",
                "version": "1.5.4"
            },
            {
                "build": "hebe6cf0_1",
                "build_number": 0,
                "build_string": "hebe6cf0_1",
                "channel": "https://conda.anaconda.org/conda-forge",
                "constrains": [],
                "depends": [],
                "fn": "libopus-1.6.1-hebe6cf0_1.conda",
                "license": "",
                "md5": "8a1d977c3d77666406a40c0ab648ff52",
                "name": "libopus",
                "size": 0,
                "subdir": "linux-64",
                "timestamp": 0,
                "track_features": "",
                "url": "https://conda.anaconda.org/conda-forge/linux-64/libopus-1.6.1-hebe6cf0_1.conda",
                "version": "1.6.1"
            },
            {
                "build": "h7cc23a3_3",
                "build_number": 0,
                "build_string": "h7cc23a3_3",
                "channel": "https://conda.anaconda.org/conda-forge",
                "constrains": [],
                "depends": [],
                "fn": "x264-1!164.3095-h7cc23a3_3.conda",
                "license": "",
                "md5": "45246ea280bd334e4413ec0125ce6797",
                "name": "x264",
                "size": 0,
                "subdir": "linux-64",
                "timestamp": 0,
                "track_features": "",
                "url": "https://conda.anaconda.org/conda-forge/linux-64/x264-1%21164.3095-h7cc23a3_3.conda",
                "version": "1!164.3095"
            },
            {
                "build": "h7cc23a3_1",
                "build_number": 0,
                "build_string": "h7cc23a3_1",
                "channel": "https://conda.anaconda.org/conda-forge",
                "constrains": [],
                "depends": [],
                "fn": "alsa-lib-1.2.16.1-h7cc23a3_1.conda",
                "license": "",
                "md5": "7094e0d8d14de0eff6d83f0d2f1f661e",
                "name": "alsa-lib",
                "size": 0,
                "subdir": "linux-64",
                "timestamp": 0,
                "track_features": "",
                "url": "https://conda.anaconda.org/conda-forge/linux-64/alsa-lib-1.2.16.1-h7cc23a3_1.conda",
                "version": "1.2.16.1"
            },
            {
                "build": "hb9d3cd8_0",
                "build_number": 0,
                "build_string": "hb9d3cd8_0",
                "channel": "https://conda.anaconda.org/conda-forge",
                "constrains": [],
                "depends": [],
                "fn": "libntlm-1.8-hb9d3cd8_0.conda",
                "license": "",
                "md5": "7c7927b404672409d9917d49bff5f2d6",
                "name": "libntlm",
                "size": 0,
                "subdir": "linux-64",
                "timestamp": 0,
                "track_features": "",
                "url": "https://conda.anaconda.org/conda-forge/linux-64/libntlm-1.8-hb9d3cd8_0.conda",
                "version": "1.8"
            },
            {
                "build": "h39a168f_4",
                "build_number": 0,
                "build_string": "h39a168f_4",
                "channel": "https://conda.anaconda.org/conda-forge",
                "constrains": [],
                "depends": [],
                "fn": "libbrotlicommon-1.2.0-h39a168f_4.conda",
                "license": "",
                "md5": "df210655e30a05e3b069c91b7aaddd2d",
                "name": "libbrotlicommon",
                "size": 0,
                "subdir": "linux-64",
                "timestamp": 0,
                "track_features": "",
                "url": "https://conda.anaconda.org/conda-forge/linux-64/libbrotlicommon-1.2.0-h39a168f_4.conda",
                "version": "1.2.0"
            },
            {
                "build": "hd45a770_1",
                "build_number": 0,
                "build_string": "hd45a770_1",
                "channel": "https://conda.anaconda.org/conda-forge",
                "constrains": [],
                "depends": [],
                "fn": "libdeflate-1.25-hd45a770_1.conda",
                "license": "",
                "md5": "40f9b31aa9cf007789867df0decd0492",
                "name": "libdeflate",
                "size": 0,
                "subdir": "linux-64",
                "timestamp": 0,
                "track_features": "",
                "url": "https://conda.anaconda.org/conda-forge/linux-64/libdeflate-1.25-hd45a770_1.conda",
                "version": "1.25"
            },
            {
                "build": "hd42ef1d_1",
                "build_number": 0,
                "build_string": "hd42ef1d_1",
                "channel": "https://conda.anaconda.org/conda-forge",
                "constrains": [],
                "depends": [],
                "fn": "libwebp-base-1.6.0-hd42ef1d_1.conda",
                "license": "",
                "md5": "9332b53d0ea93c5d39e33be03a0c611a",
                "name": "libwebp-base",
                "size": 0,
                "subdir": "linux-64",
                "timestamp": 0,
                "track_features": "",
                "url": "https://conda.anaconda.org/conda-forge/linux-64/libwebp-base-1.6.0-hd42ef1d_1.conda",
                "version": "1.6.0"
            },
            {
                "build": "h0cb94f2_3",
                "build_number": 0,
                "build_string": "h0cb94f2_3",
                "channel": "https://conda.anaconda.org/conda-forge",
                "constrains": [],
                "depends": [],
                "fn": "libiconv-1.18-h0cb94f2_3.conda",
                "license": "",
                "md5": "f92233bf33e24a25668bb2119e2c51f9",
                "name": "libiconv",
                "size": 0,
                "subdir": "linux-64",
                "timestamp": 0,
                "track_features": "",
                "url": "https://conda.anaconda.org/conda-forge/linux-64/libiconv-1.18-h0cb94f2_3.conda",
                "version": "1.18"
            },
            {
                "build": "hb03c661_1",
                "build_number": 0,
                "build_string": "hb03c661_1",
                "channel": "https://conda.anaconda.org/conda-forge",
                "constrains": [],
                "depends": [],
                "fn": "libnl-3.11.0-hb03c661_1.conda",
                "license": "",
                "md5": "eeaf53e3c9593d63ffee5ad97182858e",
                "name": "libnl",
                "size": 0,
                "subdir": "linux-64",
                "timestamp": 0,
                "track_features": "",
                "url": "https://conda.anaconda.org/conda-forge/linux-64/libnl-3.11.0-hb03c661_1.conda",
                "version": "3.11.0"
            },
            {
                "build": "hb03c661_1",
                "build_number": 0,
                "build_string": "hb03c661_1",
                "channel": "https://conda.anaconda.org/conda-forge",
                "constrains": [],
                "depends": [],
                "fn": "libpciaccess-0.19-hb03c661_1.conda",
                "license": "",
                "md5": "35fa2b34bbced424e6976d30f5fde576",
                "name": "libpciaccess",
                "size": 0,
                "subdir": "linux-64",
                "timestamp": 0,
                "track_features": "",
                "url": "https://conda.anaconda.org/conda-forge/linux-64/libpciaccess-0.19-hb03c661_1.conda",
                "version": "0.19"
            },
            {
                "build": "hebe6cf0_2",
                "build_number": 0,
                "build_string": "hebe6cf0_2",
                "channel": "https://conda.anaconda.org/conda-forge",
                "constrains": [],
                "depends": [],
                "fn": "c-ares-1.34.8-hebe6cf0_2.conda",
                "license": "",
                "md5": "3ad2b403be8fc5612b9159e2ce621f69",
                "name": "c-ares",
                "size": 0,
                "subdir": "linux-64",
                "timestamp": 0,
                "track_features": "",
                "url": "https://conda.anaconda.org/conda-forge/linux-64/c-ares-1.34.8-hebe6cf0_2.conda",
                "version": "1.34.8"
            },
            {
                "build": "h280c20c_3",
                "build_number": 0,
                "build_string": "h280c20c_3",
                "channel": "https://conda.anaconda.org/conda-forge",
                "constrains": [],
                "depends": [],
                "fn": "libev-4.33-h280c20c_3.conda",
                "license": "",
                "md5": "7bc31538d6e3fb349e897353969237ec",
                "name": "libev",
                "size": 0,
                "subdir": "linux-64",
                "timestamp": 0,
                "track_features": "",
                "url": "https://conda.anaconda.org/conda-forge/linux-64/libev-4.33-h280c20c_3.conda",
                "version": "4.33"
            },
            {
                "build": "h7cc23a3_1",
                "build_number": 0,
                "build_string": "h7cc23a3_1",
                "channel": "https://conda.anaconda.org/conda-forge",
                "constrains": [],
                "depends": [],
                "fn": "keyutils-1.6.3-h7cc23a3_1.conda",
                "license": "",
                "md5": "ba55d1b89fd7775e67de8291029b4059",
                "name": "keyutils",
                "size": 0,
                "subdir": "linux-64",
                "timestamp": 0,
                "track_features": "",
                "url": "https://conda.anaconda.org/conda-forge/linux-64/keyutils-1.6.3-h7cc23a3_1.conda",
                "version": "1.6.3"
            },
            {
                "build": "hebe6cf0_3",
                "build_number": 0,
                "build_string": "hebe6cf0_3",
                "channel": "https://conda.anaconda.org/conda-forge",
                "constrains": [],
                "depends": [],
                "fn": "xorg-xorgproto-2025.1-hebe6cf0_3.conda",
                "license": "",
                "md5": "c3d0a6f03ba3aa312777b41b20a71ec0",
                "name": "xorg-xorgproto",
                "size": 0,
                "subdir": "linux-64",
                "timestamp": 0,
                "track_features": "",
                "url": "https://conda.anaconda.org/conda-forge/linux-64/xorg-xorgproto-2025.1-hebe6cf0_3.conda",
                "version": "2025.1"
            },
            {
                "build": "h7cc23a3_0",
                "build_number": 0,
                "build_string": "h7cc23a3_0",
                "channel": "https://conda.anaconda.org/conda-forge",
                "constrains": [],
                "depends": [],
                "fn": "fribidi-1.0.17-h7cc23a3_0.conda",
                "license": "",
                "md5": "f9d5302bca196ee87e62f393f2626562",
                "name": "fribidi",
                "size": 0,
                "subdir": "linux-64",
                "timestamp": 0,
                "track_features": "",
                "url": "https://conda.anaconda.org/conda-forge/linux-64/fribidi-1.0.17-h7cc23a3_0.conda",
                "version": "1.0.17"
            },
            {
                "build": "hd0c01bc_1",
                "build_number": 0,
                "build_string": "hd0c01bc_1",
                "channel": "https://conda.anaconda.org/conda-forge",
                "constrains": [],
                "depends": [],
                "fn": "libogg-1.3.5-hd0c01bc_1.conda",
                "license": "",
                "md5": "68e52064ed3897463c0e958ab5c8f91b",
                "name": "libogg",
                "size": 0,
                "subdir": "linux-64",
                "timestamp": 0,
                "track_features": "",
                "url": "https://conda.anaconda.org/conda-forge/linux-64/libogg-1.3.5-hd0c01bc_1.conda",
                "version": "1.3.5"
            },
            {
                "build": "h69a702a_7",
                "build_number": 0,
                "build_string": "h69a702a_7",
                "channel": "https://conda.anaconda.org/conda-forge",
                "constrains": [],
                "depends": [],
                "fn": "libgcc-ng-16.2.0-h69a702a_7.conda",
                "license": "",
                "md5": "2005515ac9340f816fb2ac7e83afe553",
                "name": "libgcc-ng",
                "size": 0,
                "subdir": "linux-64",
                "timestamp": 0,
                "track_features": "",
                "url": "https://conda.anaconda.org/conda-forge/linux-64/libgcc-ng-16.2.0-h69a702a_7.conda",
                "version": "16.2.0"
            },
            {
                "build": "hb9d3cd8_1",
                "build_number": 0,
                "build_string": "hb9d3cd8_1",
                "channel": "https://conda.anaconda.org/conda-forge",
                "constrains": [],
                "depends": [],
                "fn": "libnsl-2.0.1-hb9d3cd8_1.conda",
                "license": "",
                "md5": "d864d34357c3b65a4b731f78c0801dc4",
                "name": "libnsl",
                "size": 0,
                "subdir": "linux-64",
                "timestamp": 0,
                "track_features": "",
                "url": "https://conda.anaconda.org/conda-forge/linux-64/libnsl-2.0.1-hb9d3cd8_1.conda",
                "version": "2.0.1"
            },
            {
                "build": "hd2095e1_0",
                "build_number": 0,
                "build_string": "hd2095e1_0",
                "channel": "https://conda.anaconda.org/conda-forge",
                "constrains": [],
                "depends": [],
                "fn": "libexpat-2.8.5-hd2095e1_0.conda",
                "license": "",
                "md5": "72cfd2b95b0540247220b42f58a148d7",
                "name": "libexpat",
                "size": 0,
                "subdir": "linux-64",
                "timestamp": 0,
                "track_features": "",
                "url": "https://conda.anaconda.org/conda-forge/linux-64/libexpat-2.8.5-hd2095e1_0.conda",
                "version": "2.8.5"
            },
            {
                "build": "hcfc3c73_0",
                "build_number": 0,
                "build_string": "hcfc3c73_0",
                "channel": "https://conda.anaconda.org/conda-forge",
                "constrains": [],
                "depends": [],
                "fn": "libuuid-2.42.4-hcfc3c73_0.conda",
                "license": "",
                "md5": "54a948337e66706380ff24d6b5fde63f",
                "name": "libuuid",
                "size": 0,
                "subdir": "linux-64",
                "timestamp": 0,
                "track_features": "",
                "url": "https://conda.anaconda.org/conda-forge/linux-64/libuuid-2.42.4-hcfc3c73_0.conda",
                "version": "2.42.4"
            },
            {
                "build": "h280c20c_0",
                "build_number": 0,
                "build_string": "h280c20c_0",
                "channel": "https://conda.anaconda.org/conda-forge",
                "constrains": [],
                "depends": [],
                "fn": "libxcrypt-4.4.38-h280c20c_0.conda",
                "license": "",
                "md5": "f7a7ff5a6ab331e037abd34f379a631d",
                "name": "libxcrypt",
                "size": 0,
                "subdir": "linux-64",
                "timestamp": 0,
                "track_features": "",
                "url": "https://conda.anaconda.org/conda-forge/linux-64/libxcrypt-4.4.38-h280c20c_0.conda",
                "version": "4.4.38"
            },
            {
                "build": "hdb14827_1",
                "build_number": 0,
                "build_string": "hdb14827_1",
                "channel": "https://conda.anaconda.org/conda-forge",
                "constrains": [],
                "depends": [],
                "fn": "ncurses-6.6-hdb14827_1.conda",
                "license": "",
                "md5": "ee6c0cd80a60961a1f48aa3e0b91f986",
                "name": "ncurses",
                "size": 0,
                "subdir": "linux-64",
                "timestamp": 0,
                "track_features": "",
                "url": "https://conda.anaconda.org/conda-forge/linux-64/ncurses-6.6-hdb14827_1.conda",
                "version": "6.6"
            },
            {
                "build": "noxft_h1df4ec4_4",
                "build_number": 0,
                "build_string": "noxft_h1df4ec4_4",
                "channel": "https://conda.anaconda.org/conda-forge",
                "constrains": [],
                "depends": [],
                "fn": "tk-8.6.13-noxft_h1df4ec4_4.conda",
                "license": "",
                "md5": "676a2f9b1c4fcf57b70aa5c65f6c60d0",
                "name": "tk",
                "size": 0,
                "subdir": "linux-64",
                "timestamp": 0,
                "track_features": "",
                "url": "https://conda.anaconda.org/conda-forge/linux-64/tk-8.6.13-noxft_h1df4ec4_4.conda",
                "version": "8.6.13"
            },
            {
                "build": "hebe6cf0_3",
                "build_number": 0,
                "build_string": "hebe6cf0_3",
                "channel": "https://conda.anaconda.org/conda-forge",
                "constrains": [],
                "depends": [],
                "fn": "libsodium-1.0.22-hebe6cf0_3.conda",
                "license": "",
                "md5": "2d14868d78e969226e4ba07444c0dd25",
                "name": "libsodium",
                "size": 0,
                "subdir": "linux-64",
                "timestamp": 0,
                "track_features": "",
                "url": "https://conda.anaconda.org/conda-forge/linux-64/libsodium-1.0.22-hebe6cf0_3.conda",
                "version": "1.0.22"
            },
            {
                "build": "hda65f42_10",
                "build_number": 0,
                "build_string": "hda65f42_10",
                "channel": "https://conda.anaconda.org/conda-forge",
                "constrains": [],
                "depends": [],
                "fn": "bzip2-1.0.8-hda65f42_10.conda",
                "license": "",
                "md5": "e675fabcf81499adc7edf58124fb1e01",
                "name": "bzip2",
                "size": 0,
                "subdir": "linux-64",
                "timestamp": 0,
                "track_features": "",
                "url": "https://conda.anaconda.org/conda-forge/linux-64/bzip2-1.0.8-hda65f42_10.conda",
                "version": "1.0.8"
            },
            {
                "build": "hb03c661_1",
                "build_number": 0,
                "build_string": "hb03c661_1",
                "channel": "https://conda.anaconda.org/conda-forge",
                "constrains": [],
                "depends": [],
                "fn": "liblzma-5.8.3-hb03c661_1.conda",
                "license": "",
                "md5": "1390b7c5ac0b1d8e447bc5efa6d3c8c2",
                "name": "liblzma",
                "size": 0,
                "subdir": "linux-64",
                "timestamp": 0,
                "track_features": "",
                "url": "https://conda.anaconda.org/conda-forge/linux-64/liblzma-5.8.3-hb03c661_1.conda",
                "version": "5.8.3"
            },
            {
                "build": "h7cc23a3_1004",
                "build_number": 0,
                "build_string": "h7cc23a3_1004",
                "channel": "https://conda.anaconda.org/conda-forge",
                "constrains": [],
                "depends": [],
                "fn": "pthread-stubs-0.4-h7cc23a3_1004.conda",
                "license": "",
                "md5": "bb66b610707b811e3c65181a6431e7a8",
                "name": "pthread-stubs",
                "size": 0,
                "subdir": "linux-64",
                "timestamp": 0,
                "track_features": "",
                "url": "https://conda.anaconda.org/conda-forge/linux-64/pthread-stubs-0.4-h7cc23a3_1004.conda",
                "version": "0.4"
            },
            {
                "build": "h781a0a9_0",
                "build_number": 0,
                "build_string": "h781a0a9_0",
                "channel": "https://conda.anaconda.org/conda-forge",
                "constrains": [],
                "depends": [],
                "fn": "openssl-3.6.4-h781a0a9_0.conda",
                "license": "",
                "md5": "16e3034a330cc625f2c685edec60cf4e",
                "name": "openssl",
                "size": 0,
                "subdir": "linux-64",
                "timestamp": 0,
                "track_features": "",
                "url": "https://conda.anaconda.org/conda-forge/linux-64/openssl-3.6.4-h781a0a9_0.conda",
                "version": "3.6.4"
            },
            {
                "build": "h6b99dfc_7",
                "build_number": 0,
                "build_string": "h6b99dfc_7",
                "channel": "https://conda.anaconda.org/conda-forge",
                "constrains": [],
                "depends": [],
                "fn": "libgfortran5-16.2.0-h6b99dfc_7.conda",
                "license": "",
                "md5": "7719ed7be38ad8c492c4bd5cc2bce0c4",
                "name": "libgfortran5",
                "size": 0,
                "subdir": "linux-64",
                "timestamp": 0,
                "track_features": "",
                "url": "https://conda.anaconda.org/conda-forge/linux-64/libgfortran5-16.2.0-h6b99dfc_7.conda",
                "version": "16.2.0"
            },
            {
                "build": "h922cc85_1",
                "build_number": 0,
                "build_string": "h922cc85_1",
                "channel": "https://conda.anaconda.org/conda-forge",
                "constrains": [],
                "depends": [],
                "fn": "libpng-1.6.58-h922cc85_1.conda",
                "license": "",
                "md5": "fcf71c8d979148873f6f8ad4cfc73d86",
                "name": "libpng",
                "size": 0,
                "subdir": "linux-64",
                "timestamp": 0,
                "track_features": "",
                "url": "https://conda.anaconda.org/conda-forge/linux-64/libpng-1.6.58-h922cc85_1.conda",
                "version": "1.6.58"
            },
            {
                "build": "hb03c661_1",
                "build_number": 0,
                "build_string": "hb03c661_1",
                "channel": "https://conda.anaconda.org/conda-forge",
                "constrains": [],
                "depends": [],
                "fn": "libjpeg-turbo-3.2.0-hb03c661_1.conda",
                "license": "",
                "md5": "898d1c9793eaa52efc4727bd84d2e39a",
                "name": "libjpeg-turbo",
                "size": 0,
                "subdir": "linux-64",
                "timestamp": 0,
                "track_features": "",
                "url": "https://conda.anaconda.org/conda-forge/linux-64/libjpeg-turbo-3.2.0-hb03c661_1.conda",
                "version": "3.2.0"
            },
            {
                "build": "h1114479_1013",
                "build_number": 0,
                "build_string": "h1114479_1013",
                "channel": "https://conda.anaconda.org/conda-forge",
                "constrains": [],
                "depends": [],
                "fn": "pkg-config-0.29.2-h1114479_1013.conda",
                "license": "",
                "md5": "0aab2923309084c5f89ef32cd39a19b2",
                "name": "pkg-config",
                "size": 0,
                "subdir": "linux-64",
                "timestamp": 0,
                "track_features": "",
                "url": "https://conda.anaconda.org/conda-forge/linux-64/pkg-config-0.29.2-h1114479_1013.conda",
                "version": "0.29.2"
            },
            {
                "build": "h934c35e_7",
                "build_number": 0,
                "build_string": "h934c35e_7",
                "channel": "https://conda.anaconda.org/conda-forge",
                "constrains": [],
                "depends": [],
                "fn": "libstdcxx-16.2.0-h934c35e_7.conda",
                "license": "",
                "md5": "9b6707e0caca917fa6ea9ee473f37a5d",
                "name": "libstdcxx",
                "size": 0,
                "subdir": "linux-64",
                "timestamp": 0,
                "track_features": "",
                "url": "https://conda.anaconda.org/conda-forge/linux-64/libstdcxx-16.2.0-h934c35e_7.conda",
                "version": "16.2.0"
            },
            {
                "build": "h26e0ef7_0",
                "build_number": 0,
                "build_string": "h26e0ef7_0",
                "channel": "https://conda.anaconda.org/conda-forge",
                "constrains": [],
                "depends": [],
                "fn": "libsystemd0-262-h26e0ef7_0.conda",
                "license": "",
                "md5": "23d0d39067b6cabf9ed9139064df500e",
                "name": "libsystemd0",
                "size": 0,
                "subdir": "linux-64",
                "timestamp": 0,
                "track_features": "",
                "url": "https://conda.anaconda.org/conda-forge/linux-64/libsystemd0-262-h26e0ef7_0.conda",
                "version": "262"
            },
            {
                "build": "h26e0ef7_0",
                "build_number": 0,
                "build_string": "h26e0ef7_0",
                "channel": "https://conda.anaconda.org/conda-forge",
                "constrains": [],
                "depends": [],
                "fn": "libudev1-262-h26e0ef7_0.conda",
                "license": "",
                "md5": "aa1397765d095c853318e4da173fbca0",
                "name": "libudev1",
                "size": 0,
                "subdir": "linux-64",
                "timestamp": 0,
                "track_features": "",
                "url": "https://conda.anaconda.org/conda-forge/linux-64/libudev1-262-h26e0ef7_0.conda",
                "version": "262"
            },
            {
                "build": "h018ffa1_4",
                "build_number": 0,
                "build_string": "h018ffa1_4",
                "channel": "https://conda.anaconda.org/conda-forge",
                "constrains": [],
                "depends": [],
                "fn": "libbrotlienc-1.2.0-h018ffa1_4.conda",
                "license": "",
                "md5": "4136f6e4ef4835cc7df39a707cbd511c",
                "name": "libbrotlienc",
                "size": 0,
                "subdir": "linux-64",
                "timestamp": 0,
                "track_features": "",
                "url": "https://conda.anaconda.org/conda-forge/linux-64/libbrotlienc-1.2.0-h018ffa1_4.conda",
                "version": "1.2.0"
            },
            {
                "build": "ha411449_4",
                "build_number": 0,
                "build_string": "ha411449_4",
                "channel": "https://conda.anaconda.org/conda-forge",
                "constrains": [],
                "depends": [],
                "fn": "libbrotlidec-1.2.0-ha411449_4.conda",
                "license": "",
                "md5": "0cfd601eb03cca403dcc248844787486",
                "name": "libbrotlidec",
                "size": 0,
                "subdir": "linux-64",
                "timestamp": 0,
                "track_features": "",
                "url": "https://conda.anaconda.org/conda-forge/linux-64/libbrotlidec-1.2.0-ha411449_4.conda",
                "version": "1.2.0"
            },
            {
                "build": "h7cc23a3_0",
                "build_number": 0,
                "build_string": "h7cc23a3_0",
                "channel": "https://conda.anaconda.org/conda-forge",
                "constrains": [],
                "depends": [],
                "fn": "libdrm-2.4.129-h7cc23a3_0.conda",
                "license": "",
                "md5": "64cc91512b6278c315349dc13c53f680",
                "name": "libdrm",
                "size": 0,
                "subdir": "linux-64",
                "timestamp": 0,
                "track_features": "",
                "url": "https://conda.anaconda.org/conda-forge/linux-64/libdrm-2.4.129-h7cc23a3_0.conda",
                "version": "2.4.129"
            },
            {
                "build": "hd590300_3",
                "build_number": 0,
                "build_string": "hd590300_3",
                "channel": "https://conda.anaconda.org/conda-forge",
                "constrains": [],
                "depends": [],
                "fn": "jxrlib-1.1-hd590300_3.conda",
                "license": "",
                "md5": "5aeabe88534ea4169d4c49998f293d6c",
                "name": "jxrlib",
                "size": 0,
                "subdir": "linux-64",
                "timestamp": 0,
                "track_features": "",
                "url": "https://conda.anaconda.org/conda-forge/linux-64/jxrlib-1.1-hd590300_3.conda",
                "version": "1.1"
            },
            {
                "build": "hd2095e1_0",
                "build_number": 0,
                "build_string": "hd2095e1_0",
                "channel": "https://conda.anaconda.org/conda-forge",
                "constrains": [],
                "depends": [],
                "fn": "expat-2.8.5-hd2095e1_0.conda",
                "license": "",
                "md5": "30a967b6ac673c8f21b64604a2b9ccd6",
                "name": "expat",
                "size": 0,
                "subdir": "linux-64",
                "timestamp": 0,
                "track_features": "",
                "url": "https://conda.anaconda.org/conda-forge/linux-64/expat-2.8.5-hd2095e1_0.conda",
                "version": "2.8.5"
            },
            {
                "build": "h0d788c3_1",
                "build_number": 0,
                "build_string": "h0d788c3_1",
                "channel": "https://conda.anaconda.org/conda-forge",
                "constrains": [],
                "depends": [],
                "fn": "xorg-libsm-1.2.6-h0d788c3_1.conda",
                "license": "",
                "md5": "aa7459ed9ad086ba11dda843d764b33d",
                "name": "xorg-libsm",
                "size": 0,
                "subdir": "linux-64",
                "timestamp": 0,
                "track_features": "",
                "url": "https://conda.anaconda.org/conda-forge/linux-64/xorg-libsm-1.2.6-h0d788c3_1.conda",
                "version": "1.2.6"
            },
            {
                "build": "pl5321h373387f_1",
                "build_number": 0,
                "build_string": "pl5321h373387f_1",
                "channel": "https://conda.anaconda.org/conda-forge",
                "constrains": [],
                "depends": [],
                "fn": "libedit-3.1.20250104-pl5321h373387f_1.conda",
                "license": "",
                "md5": "50708d3b951d0f8e2d7f2df5b5edc040",
                "name": "libedit",
                "size": 0,
                "subdir": "linux-64",
                "timestamp": 0,
                "track_features": "",
                "url": "https://conda.anaconda.org/conda-forge/linux-64/libedit-3.1.20250104-pl5321h373387f_1.conda",
                "version": "3.1.20250104"
            },
            {
                "build": "hd6e31c0_1",
                "build_number": 0,
                "build_string": "hd6e31c0_1",
                "channel": "https://conda.anaconda.org/conda-forge",
                "constrains": [],
                "depends": [],
                "fn": "readline-8.3-hd6e31c0_1.conda",
                "license": "",
                "md5": "69c01c781e7c8190bbdaf79e3848c5ca",
                "name": "readline",
                "size": 0,
                "subdir": "linux-64",
                "timestamp": 0,
                "track_features": "",
                "url": "https://conda.anaconda.org/conda-forge/linux-64/readline-8.3-hd6e31c0_1.conda",
                "version": "8.3"
            },
            {
                "build": "h8b3dc9c_1",
                "build_number": 0,
                "build_string": "h8b3dc9c_1",
                "channel": "https://conda.anaconda.org/conda-forge",
                "constrains": [],
                "depends": [],
                "fn": "pcre2-10.47-h8b3dc9c_1.conda",
                "license": "",
                "md5": "06f6113cf1ff4a54b65f87ead132a5f1",
                "name": "pcre2",
                "size": 0,
                "subdir": "linux-64",
                "timestamp": 0,
                "track_features": "",
                "url": "https://conda.anaconda.org/conda-forge/linux-64/pcre2-10.47-h8b3dc9c_1.conda",
                "version": "10.47"
            },
            {
                "build": "hb03c661_1",
                "build_number": 0,
                "build_string": "hb03c661_1",
                "channel": "https://conda.anaconda.org/conda-forge",
                "constrains": [],
                "depends": [],
                "fn": "liblzma-devel-5.8.3-hb03c661_1.conda",
                "license": "",
                "md5": "6d83d6a332c19424e9e66b69b180ec11",
                "name": "liblzma-devel",
                "size": 0,
                "subdir": "linux-64",
                "timestamp": 0,
                "track_features": "",
                "url": "https://conda.anaconda.org/conda-forge/linux-64/liblzma-devel-5.8.3-hb03c661_1.conda",
                "version": "5.8.3"
            },
            {
                "build": "hb83e432_2",
                "build_number": 0,
                "build_string": "hb83e432_2",
                "channel": "https://conda.anaconda.org/conda-forge",
                "constrains": [],
                "depends": [],
                "fn": "libxcb-1.17.0-hb83e432_2.conda",
                "license": "",
                "md5": "61f0ffba9161cbb3a77722869b21e4bb",
                "name": "libxcb",
                "size": 0,
                "subdir": "linux-64",
                "timestamp": 0,
                "track_features": "",
                "url": "https://conda.anaconda.org/conda-forge/linux-64/libxcb-1.17.0-hb83e432_2.conda",
                "version": "1.17.0"
            },
            {
                "build": "h6008cf6_0",
                "build_number": 0,
                "build_string": "h6008cf6_0",
                "channel": "https://conda.anaconda.org/conda-forge",
                "constrains": [],
                "depends": [],
                "fn": "libzip-1.11.4-h6008cf6_0.conda",
                "license": "",
                "md5": "05adf41813469e50f2103db6eba38edb",
                "name": "libzip",
                "size": 0,
                "subdir": "linux-64",
                "timestamp": 0,
                "track_features": "",
                "url": "https://conda.anaconda.org/conda-forge/linux-64/libzip-1.11.4-h6008cf6_0.conda",
                "version": "1.11.4"
            },
            {
                "build": "h6154650_1",
                "build_number": 0,
                "build_string": "h6154650_1",
                "channel": "https://conda.anaconda.org/conda-forge",
                "constrains": [],
                "depends": [],
                "fn": "libssh2-1.11.1-h6154650_1.conda",
                "license": "",
                "md5": "5c526561e1d2a2e071941174eae84557",
                "name": "libssh2",
                "size": 0,
                "subdir": "linux-64",
                "timestamp": 0,
                "track_features": "",
                "url": "https://conda.anaconda.org/conda-forge/linux-64/libssh2-1.11.1-h6154650_1.conda",
                "version": "1.11.1"
            },
            {
                "build": "h69a702a_7",
                "build_number": 0,
                "build_string": "h69a702a_7",
                "channel": "https://conda.anaconda.org/conda-forge",
                "constrains": [],
                "depends": [],
                "fn": "libgfortran-16.2.0-h69a702a_7.conda",
                "license": "",
                "md5": "3a8d285f5f22138ef826ad54cf267e73",
                "name": "libgfortran",
                "size": 0,
                "subdir": "linux-64",
                "timestamp": 0,
                "track_features": "",
                "url": "https://conda.anaconda.org/conda-forge/linux-64/libgfortran-16.2.0-h69a702a_7.conda",
                "version": "16.2.0"
            },
            {
                "build": "h5e6c136_2",
                "build_number": 0,
                "build_string": "h5e6c136_2",
                "channel": "https://conda.anaconda.org/conda-forge",
                "constrains": [],
                "depends": [],
                "fn": "libfreetype6-2.14.3-h5e6c136_2.conda",
                "license": "",
                "md5": "b72a266a9317036fd0464cb98b027cd0",
                "name": "libfreetype6",
                "size": 0,
                "subdir": "linux-64",
                "timestamp": 0,
                "track_features": "",
                "url": "https://conda.anaconda.org/conda-forge/linux-64/libfreetype6-2.14.3-h5e6c136_2.conda",
                "version": "2.14.3"
            },
            {
                "build": "h54a6638_1",
                "build_number": 0,
                "build_string": "h54a6638_1",
                "channel": "https://conda.anaconda.org/conda-forge",
                "constrains": [],
                "depends": [],
                "fn": "graphite2-1.3.15-h54a6638_1.conda",
                "license": "",
                "md5": "f9fe2984587fa8235a6af6004760cd18",
                "name": "graphite2",
                "size": 0,
                "subdir": "linux-64",
                "timestamp": 0,
                "track_features": "",
                "url": "https://conda.anaconda.org/conda-forge/linux-64/graphite2-1.3.15-h54a6638_1.conda",
                "version": "1.3.15"
            },
            {
                "build": "hce19668_1",
                "build_number": 0,
                "build_string": "hce19668_1",
                "channel": "https://conda.anaconda.org/conda-forge",
                "constrains": [],
                "depends": [],
                "fn": "zlib-ng-2.3.3-hce19668_1.conda",
                "license": "",
                "md5": "1726acec19beeed1c764385cd8622405",
                "name": "zlib-ng",
                "size": 0,
                "subdir": "linux-64",
                "timestamp": 0,
                "track_features": "",
                "url": "https://conda.anaconda.org/conda-forge/linux-64/zlib-ng-2.3.3-hce19668_1.conda",
                "version": "2.3.3"
            },
            {
                "build": "hd0bcaf9_1007",
                "build_number": 0,
                "build_string": "hd0bcaf9_1007",
                "channel": "https://conda.anaconda.org/conda-forge",
                "constrains": [],
                "depends": [],
                "fn": "metis-5.1.0-hd0bcaf9_1007.conda",
                "license": "",
                "md5": "28eb714416de4eb83e2cbc47e99a1b45",
                "name": "metis",
                "size": 0,
                "subdir": "linux-64",
                "timestamp": 0,
                "track_features": "",
                "url": "https://conda.anaconda.org/conda-forge/linux-64/metis-5.1.0-hd0bcaf9_1007.conda",
                "version": "5.1.0"
            },
            {
                "build": "hecca717_0",
                "build_number": 0,
                "build_string": "hecca717_0",
                "channel": "https://conda.anaconda.org/conda-forge",
                "constrains": [],
                "depends": [],
                "fn": "opencl-headers-2025.06.13-hecca717_0.conda",
                "license": "",
                "md5": "c930c8052d780caa41216af7de472226",
                "name": "opencl-headers",
                "size": 0,
                "subdir": "linux-64",
                "timestamp": 0,
                "track_features": "",
                "url": "https://conda.anaconda.org/conda-forge/linux-64/opencl-headers-2025.06.13-hecca717_0.conda",
                "version": "2025.06.13"
            },
            {
                "build": "py310h44b86e0_2",
                "build_number": 0,
                "build_string": "py310h44b86e0_2",
                "channel": "https://conda.anaconda.org/conda-forge",
                "constrains": [],
                "depends": [],
                "fn": "icu-78.3-py310h44b86e0_2.conda",
                "license": "",
                "md5": "72a381cbad04f24b1c2a43ef707f45b4",
                "name": "icu",
                "size": 0,
                "subdir": "linux-64",
                "timestamp": 0,
                "track_features": "",
                "url": "https://conda.anaconda.org/conda-forge/linux-64/icu-78.3-py310h44b86e0_2.conda",
                "version": "78.3"
            },
            {
                "build": "h7148c6a_1",
                "build_number": 0,
                "build_string": "h7148c6a_1",
                "channel": "https://conda.anaconda.org/conda-forge",
                "constrains": [],
                "depends": [],
                "fn": "spirv-tools-2026.3-h7148c6a_1.conda",
                "license": "",
                "md5": "ac9adda1573683c31a8c58850e911273",
                "name": "spirv-tools",
                "size": 0,
                "subdir": "linux-64",
                "timestamp": 0,
                "track_features": "",
                "url": "https://conda.anaconda.org/conda-forge/linux-64/spirv-tools-2026.3-h7148c6a_1.conda",
                "version": "2026.3"
            },
            {
                "build": "he200343_1",
                "build_number": 0,
                "build_string": "he200343_1",
                "channel": "https://conda.anaconda.org/conda-forge",
                "constrains": [],
                "depends": [],
                "fn": "libflac-1.5.0-he200343_1.conda",
                "license": "",
                "md5": "47595b9d53054907a00d95e4d47af1d6",
                "name": "libflac",
                "size": 0,
                "subdir": "linux-64",
                "timestamp": 0,
                "track_features": "",
                "url": "https://conda.anaconda.org/conda-forge/linux-64/libflac-1.5.0-he200343_1.conda",
                "version": "1.5.0"
            },
            {
                "build": "h877a99e_1",
                "build_number": 0,
                "build_string": "h877a99e_1",
                "channel": "https://conda.anaconda.org/conda-forge",
                "constrains": [],
                "depends": [],
                "fn": "mpg123-1.33.7-h877a99e_1.conda",
                "license": "",
                "md5": "e7cc06dba8d5fb83d9ae033225ffa458",
                "name": "mpg123",
                "size": 0,
                "subdir": "linux-64",
                "timestamp": 0,
                "track_features": "",
                "url": "https://conda.anaconda.org/conda-forge/linux-64/mpg123-1.33.7-h877a99e_1.conda",
                "version": "1.33.7"
            },
            {
                "build": "h57c4cff_1",
                "build_number": 0,
                "build_string": "h57c4cff_1",
                "channel": "https://conda.anaconda.org/conda-forge",
                "constrains": [],
                "depends": [],
                "fn": "libhwy-1.4.0-h57c4cff_1.conda",
                "license": "",
                "md5": "d58bfbaaf51ed85771eae92c2e7f5816",
                "name": "libhwy",
                "size": 0,
                "subdir": "linux-64",
                "timestamp": 0,
                "track_features": "",
                "url": "https://conda.anaconda.org/conda-forge/linux-64/libhwy-1.4.0-h57c4cff_1.conda",
                "version": "1.4.0"
            },
            {
                "build": "h7148c6a_0",
                "build_number": 0,
                "build_string": "h7148c6a_0",
                "channel": "https://conda.anaconda.org/conda-forge",
                "constrains": [],
                "depends": [],
                "fn": "intel-gmmlib-22.10.2-h7148c6a_0.conda",
                "license": "",
                "md5": "7d8cc0ba43a18e1d6ddd7142175d6022",
                "name": "intel-gmmlib",
                "size": 0,
                "subdir": "linux-64",
                "timestamp": 0,
                "track_features": "",
                "url": "https://conda.anaconda.org/conda-forge/linux-64/intel-gmmlib-22.10.2-h7148c6a_0.conda",
                "version": "22.10.2"
            },
            {
                "build": "h8c49934_2",
                "build_number": 0,
                "build_string": "h8c49934_2",
                "channel": "https://conda.anaconda.org/conda-forge",
                "constrains": [],
                "depends": [],
                "fn": "openh264-2.6.0-h8c49934_2.conda",
                "license": "",
                "md5": "2f0b27ebfcbc15298dd99205e91288ba",
                "name": "openh264",
                "size": 0,
                "subdir": "linux-64",
                "timestamp": 0,
                "track_features": "",
                "url": "https://conda.anaconda.org/conda-forge/linux-64/openh264-2.6.0-h8c49934_2.conda",
                "version": "2.6.0"
            },
            {
                "build": "h73f68a7_4",
                "build_number": 0,
                "build_string": "h73f68a7_4",
                "channel": "https://conda.anaconda.org/conda-forge",
                "constrains": [],
                "depends": [],
                "fn": "x265-3.5-h73f68a7_4.conda",
                "license": "",
                "md5": "5b049cd7e2149701a5e4e7dc90f00075",
                "name": "x265",
                "size": 0,
                "subdir": "linux-64",
                "timestamp": 0,
                "track_features": "",
                "url": "https://conda.anaconda.org/conda-forge/linux-64/x265-3.5-h73f68a7_4.conda",
                "version": "3.5"
            },
            {
                "build": "pl5321h57e6904_2",
                "build_number": 0,
                "build_string": "pl5321h57e6904_2",
                "channel": "https://conda.anaconda.org/conda-forge",
                "constrains": [],
                "depends": [],
                "fn": "aom-3.14.1-pl5321h57e6904_2.conda",
                "license": "",
                "md5": "5fabcad67aa128f07f269066ee7fdde6",
                "name": "aom",
                "size": 0,
                "subdir": "linux-64",
                "timestamp": 0,
                "track_features": "",
                "url": "https://conda.anaconda.org/conda-forge/linux-64/aom-3.14.1-pl5321h57e6904_2.conda",
                "version": "3.14.1"
            },
            {
                "build": "hd2095e1_1",
                "build_number": 0,
                "build_string": "hd2095e1_1",
                "channel": "https://conda.anaconda.org/conda-forge",
                "constrains": [],
                "depends": [],
                "fn": "svt-av1-4.2.0-hd2095e1_1.conda",
                "license": "",
                "md5": "3bd5f5f3f6f6431b9f19b35ad4a8ed21",
                "name": "svt-av1",
                "size": 0,
                "subdir": "linux-64",
                "timestamp": 0,
                "track_features": "",
                "url": "https://conda.anaconda.org/conda-forge/linux-64/svt-av1-4.2.0-hd2095e1_1.conda",
                "version": "4.2.0"
            },
            {
                "build": "h65a8314_0",
                "build_number": 0,
                "build_string": "h65a8314_0",
                "channel": "https://conda.anaconda.org/conda-forge",
                "constrains": [],
                "depends": [],
                "fn": "libunwind-1.8.3-h65a8314_0.conda",
                "license": "",
                "md5": "e179a69edd30d75c0144d7a380b88f28",
                "name": "libunwind",
                "size": 0,
                "subdir": "linux-64",
                "timestamp": 0,
                "track_features": "",
                "url": "https://conda.anaconda.org/conda-forge/linux-64/libunwind-1.8.3-h65a8314_0.conda",
                "version": "1.8.3"
            },
            {
                "build": "hb700be7_0",
                "build_number": 0,
                "build_string": "hb700be7_0",
                "channel": "https://conda.anaconda.org/conda-forge",
                "constrains": [],
                "depends": [],
                "fn": "liburing-2.14-hb700be7_0.conda",
                "license": "",
                "md5": "56f65185b520e016d29d01657ac02c0d",
                "name": "liburing",
                "size": 0,
                "subdir": "linux-64",
                "timestamp": 0,
                "track_features": "",
                "url": "https://conda.anaconda.org/conda-forge/linux-64/liburing-2.14-hb700be7_0.conda",
                "version": "2.14"
            },
            {
                "build": "h54a6638_3",
                "build_number": 0,
                "build_string": "h54a6638_3",
                "channel": "https://conda.anaconda.org/conda-forge",
                "constrains": [],
                "depends": [],
                "fn": "pixman-0.46.4-h54a6638_3.conda",
                "license": "",
                "md5": "0ee5bb30034b081a1386c1e2c98ab0a7",
                "name": "pixman",
                "size": 0,
                "subdir": "linux-64",
                "timestamp": 0,
                "track_features": "",
                "url": "https://conda.anaconda.org/conda-forge/linux-64/pixman-0.46.4-h54a6638_3.conda",
                "version": "0.46.4"
            },
            {
                "build": "h54a6638_2",
                "build_number": 0,
                "build_string": "h54a6638_2",
                "channel": "https://conda.anaconda.org/conda-forge",
                "constrains": [],
                "depends": [],
                "fn": "libvorbis-1.3.7-h54a6638_2.conda",
                "license": "",
                "md5": "b4ecbefe517ed0157c37f8182768271c",
                "name": "libvorbis",
                "size": 0,
                "subdir": "linux-64",
                "timestamp": 0,
                "track_features": "",
                "url": "https://conda.anaconda.org/conda-forge/linux-64/libvorbis-1.3.7-h54a6638_2.conda",
                "version": "1.3.7"
            },
            {
                "build": "h7148c6a_0",
                "build_number": 0,
                "build_string": "h7148c6a_0",
                "channel": "https://conda.anaconda.org/conda-forge",
                "constrains": [],
                "depends": [],
                "fn": "level-zero-1.33.1-h7148c6a_0.conda",
                "license": "",
                "md5": "88ec7b59e2bff6caf5b517f73e7ce853",
                "name": "level-zero",
                "size": 0,
                "subdir": "linux-64",
                "timestamp": 0,
                "track_features": "",
                "url": "https://conda.anaconda.org/conda-forge/linux-64/level-zero-1.33.1-h7148c6a_0.conda",
                "version": "1.33.1"
            },
            {
                "build": "h34e00bb_2",
                "build_number": 0,
                "build_string": "h34e00bb_2",
                "channel": "https://conda.anaconda.org/conda-forge",
                "constrains": [],
                "depends": [],
                "fn": "snappy-1.2.2-h34e00bb_2.conda",
                "license": "",
                "md5": "2b7e31ffbd476eecf33b3b833692339c",
                "name": "snappy",
                "size": 0,
                "subdir": "linux-64",
                "timestamp": 0,
                "track_features": "",
                "url": "https://conda.anaconda.org/conda-forge/linux-64/snappy-1.2.2-h34e00bb_2.conda",
                "version": "1.2.2"
            },
            {
                "build": "cxx17_h0dc7533_2",
                "build_number": 0,
                "build_string": "cxx17_h0dc7533_2",
                "channel": "https://conda.anaconda.org/conda-forge",
                "constrains": [],
                "depends": [],
                "fn": "libabseil-20260526.0-cxx17_h0dc7533_2.conda",
                "license": "",
                "md5": "6983bfe8e09992014b9cf393769c7a84",
                "name": "libabseil",
                "size": 0,
                "subdir": "linux-64",
                "timestamp": 0,
                "track_features": "",
                "url": "https://conda.anaconda.org/conda-forge/linux-64/libabseil-20260526.0-cxx17_h0dc7533_2.conda",
                "version": "20260526.0"
            },
            {
                "build": "h4dbf13b_2",
                "build_number": 0,
                "build_string": "h4dbf13b_2",
                "channel": "https://conda.anaconda.org/conda-forge",
                "constrains": [],
                "depends": [],
                "fn": "jsoncpp-1.9.8-h4dbf13b_2.conda",
                "license": "",
                "md5": "c8985329431780d56025998322650199",
                "name": "jsoncpp",
                "size": 0,
                "subdir": "linux-64",
                "timestamp": 0,
                "track_features": "",
                "url": "https://conda.anaconda.org/conda-forge/linux-64/jsoncpp-1.9.8-h4dbf13b_2.conda",
                "version": "1.9.8"
            },
            {
                "build": "h54a6638_1",
                "build_number": 0,
                "build_string": "h54a6638_1",
                "channel": "https://conda.anaconda.org/conda-forge",
                "constrains": [],
                "depends": [],
                "fn": "cli11-2.7.2-h54a6638_1.conda",
                "license": "",
                "md5": "42761b55062088f6f7fb58d0633e0769",
                "name": "cli11",
                "size": 0,
                "subdir": "linux-64",
                "timestamp": 0,
                "track_features": "",
                "url": "https://conda.anaconda.org/conda-forge/linux-64/cli11-2.7.2-h54a6638_1.conda",
                "version": "2.7.2"
            },
            {
                "build": "hdb68285_0",
                "build_number": 0,
                "build_string": "hdb68285_0",
                "channel": "https://conda.anaconda.org/conda-forge",
                "constrains": [],
                "depends": [],
                "fn": "lerc-4.2.0-hdb68285_0.conda",
                "license": "",
                "md5": "fb9d356b1a57d6d54768be7ebd5fce09",
                "name": "lerc",
                "size": 0,
                "subdir": "linux-64",
                "timestamp": 0,
                "track_features": "",
                "url": "https://conda.anaconda.org/conda-forge/linux-64/lerc-4.2.0-hdb68285_0.conda",
                "version": "4.2.0"
            },
            {
                "build": "hdf11a46_7",
                "build_number": 0,
                "build_string": "hdf11a46_7",
                "channel": "https://conda.anaconda.org/conda-forge",
                "constrains": [],
                "depends": [],
                "fn": "libstdcxx-ng-16.2.0-hdf11a46_7.conda",
                "license": "",
                "md5": "25a23bde5e26d548374f3e02b4669670",
                "name": "libstdcxx-ng",
                "size": 0,
                "subdir": "linux-64",
                "timestamp": 0,
                "track_features": "",
                "url": "https://conda.anaconda.org/conda-forge/linux-64/libstdcxx-ng-16.2.0-hdf11a46_7.conda",
                "version": "16.2.0"
            },
            {
                "build": "hd2095e1_0",
                "build_number": 0,
                "build_string": "hd2095e1_0",
                "channel": "https://conda.anaconda.org/conda-forge",
                "constrains": [],
                "depends": [],
                "fn": "libvpx-1.17.0-hd2095e1_0.conda",
                "license": "",
                "md5": "8762883a9fae4c96eabcdfcec145149f",
                "name": "libvpx",
                "size": 0,
                "subdir": "linux-64",
                "timestamp": 0,
                "track_features": "",
                "url": "https://conda.anaconda.org/conda-forge/linux-64/libvpx-1.17.0-hd2095e1_0.conda",
                "version": "1.17.0"
            },
            {
                "build": "h74cf4be_1",
                "build_number": 0,
                "build_string": "h74cf4be_1",
                "channel": "https://conda.anaconda.org/conda-forge",
                "constrains": [],
                "depends": [],
                "fn": "libnghttp2-1.68.1-h74cf4be_1.conda",
                "license": "",
                "md5": "75d211f04ac87506f1f43420712a69fe",
                "name": "libnghttp2",
                "size": 0,
                "subdir": "linux-64",
                "timestamp": 0,
                "track_features": "",
                "url": "https://conda.anaconda.org/conda-forge/linux-64/libnghttp2-1.68.1-h74cf4be_1.conda",
                "version": "1.68.1"
            },
            {
                "build": "h54a6638_0",
                "build_number": 0,
                "build_string": "h54a6638_0",
                "channel": "https://conda.anaconda.org/conda-forge",
                "constrains": [],
                "depends": [],
                "fn": "rapidjson-1.1.0.post20250205-h54a6638_0.conda",
                "license": "",
                "md5": "faad3215cbf35faa42a37a77d44374c9",
                "name": "rapidjson",
                "size": 0,
                "subdir": "linux-64",
                "timestamp": 0,
                "track_features": "",
                "url": "https://conda.anaconda.org/conda-forge/linux-64/rapidjson-1.1.0.post20250205-h54a6638_0.conda",
                "version": "1.1.0.post20250205"
            },
            {
                "build": "hde8ca8f_0",
                "build_number": 0,
                "build_string": "hde8ca8f_0",
                "channel": "https://conda.anaconda.org/conda-forge",
                "constrains": [],
                "depends": [],
                "fn": "imath-3.2.2-hde8ca8f_0.conda",
                "license": "",
                "md5": "c427448c6f3972c76e8a4474e0fe367b",
                "name": "imath",
                "size": 0,
                "subdir": "linux-64",
                "timestamp": 0,
                "track_features": "",
                "url": "https://conda.anaconda.org/conda-forge/linux-64/imath-3.2.2-hde8ca8f_0.conda",
                "version": "3.2.2"
            },
            {
                "build": "hd6090a7_0",
                "build_number": 0,
                "build_string": "hd6090a7_0",
                "channel": "https://conda.anaconda.org/conda-forge",
                "constrains": [],
                "depends": [],
                "fn": "wayland-1.26.0-hd6090a7_0.conda",
                "license": "",
                "md5": "b34c5559f45d8996e3bc0b6250a6cc84",
                "name": "wayland",
                "size": 0,
                "subdir": "linux-64",
                "timestamp": 0,
                "track_features": "",
                "url": "https://conda.anaconda.org/conda-forge/linux-64/wayland-1.26.0-hd6090a7_0.conda",
                "version": "1.26.0"
            },
            {
                "build": "hecca717_0",
                "build_number": 0,
                "build_string": "hecca717_0",
                "channel": "https://conda.anaconda.org/conda-forge",
                "constrains": [],
                "depends": [],
                "fn": "double-conversion-3.4.0-hecca717_0.conda",
                "license": "",
                "md5": "dbe3ec0f120af456b3477743ffd99b74",
                "name": "double-conversion",
                "size": 0,
                "subdir": "linux-64",
                "timestamp": 0,
                "track_features": "",
                "url": "https://conda.anaconda.org/conda-forge/linux-64/double-conversion-3.4.0-hecca717_0.conda",
                "version": "3.4.0"
            },
            {
                "build": "hd2095e1_1",
                "build_number": 0,
                "build_string": "hd2095e1_1",
                "channel": "https://conda.anaconda.org/conda-forge",
                "constrains": [],
                "depends": [],
                "fn": "ann-1.1.3-hd2095e1_1.conda",
                "license": "",
                "md5": "12ae62299c1f8be032df40e8c5fd352c",
                "name": "ann",
                "size": 0,
                "subdir": "linux-64",
                "timestamp": 0,
                "track_features": "",
                "url": "https://conda.anaconda.org/conda-forge/linux-64/ann-1.1.3-hd2095e1_1.conda",
                "version": "1.1.3"
            },
            {
                "build": "hfd2156b_3",
                "build_number": 0,
                "build_string": "hfd2156b_3",
                "channel": "https://conda.anaconda.org/conda-forge",
                "constrains": [],
                "depends": [],
                "fn": "gmp-6.3.0-hfd2156b_3.conda",
                "license": "",
                "md5": "576e32739f323438bf69ab006c21be7b",
                "name": "gmp",
                "size": 0,
                "subdir": "linux-64",
                "timestamp": 0,
                "track_features": "",
                "url": "https://conda.anaconda.org/conda-forge/linux-64/gmp-6.3.0-hfd2156b_3.conda",
                "version": "6.3.0"
            },
            {
                "build": "hee9eb32_1",
                "build_number": 0,
                "build_string": "hee9eb32_1",
                "channel": "https://conda.anaconda.org/conda-forge",
                "constrains": [],
                "depends": [],
                "fn": "tinyxml2-11.0.0-hee9eb32_1.conda",
                "license": "",
                "md5": "860bb6160ae0ac9b8b844f7382bd3313",
                "name": "tinyxml2",
                "size": 0,
                "subdir": "linux-64",
                "timestamp": 0,
                "track_features": "",
                "url": "https://conda.anaconda.org/conda-forge/linux-64/tinyxml2-11.0.0-hee9eb32_1.conda",
                "version": "11.0.0"
            },
            {
                "build": "hee9eb32_2",
                "build_number": 0,
                "build_string": "hee9eb32_2",
                "channel": "https://conda.anaconda.org/conda-forge",
                "constrains": [],
                "depends": [],
                "fn": "lz4-c-1.10.0-hee9eb32_2.conda",
                "license": "",
                "md5": "e38a3253d72ab07d471483f24947e2a2",
                "name": "lz4-c",
                "size": 0,
                "subdir": "linux-64",
                "timestamp": 0,
                "track_features": "",
                "url": "https://conda.anaconda.org/conda-forge/linux-64/lz4-c-1.10.0-hee9eb32_2.conda",
                "version": "1.10.0"
            },
            {
                "build": "h79e284d_6",
                "build_number": 0,
                "build_string": "h79e284d_6",
                "channel": "https://conda.anaconda.org/conda-forge",
                "constrains": [],
                "depends": [],
                "fn": "zfp-1.0.1-h79e284d_6.conda",
                "license": "",
                "md5": "9d7141ec747a9ede5da83e864fcc8213",
                "name": "zfp",
                "size": 0,
                "subdir": "linux-64",
                "timestamp": 0,
                "track_features": "",
                "url": "https://conda.anaconda.org/conda-forge/linux-64/zfp-1.0.1-h79e284d_6.conda",
                "version": "1.0.1"
            },
            {
                "build": "h5888daf_1",
                "build_number": 0,
                "build_string": "h5888daf_1",
                "channel": "https://conda.anaconda.org/conda-forge",
                "constrains": [],
                "depends": [],
                "fn": "libglu-9.0.3-h5888daf_1.conda",
                "license": "",
                "md5": "8422fcc9e5e172c91e99aef703b3ce65",
                "name": "libglu",
                "size": 0,
                "subdir": "linux-64",
                "timestamp": 0,
                "track_features": "",
                "url": "https://conda.anaconda.org/conda-forge/linux-64/libglu-9.0.3-h5888daf_1.conda",
                "version": "9.0.3"
            },
            {
                "build": "h3048135_7",
                "build_number": 0,
                "build_string": "h3048135_7",
                "channel": "https://conda.anaconda.org/conda-forge",
                "constrains": [],
                "depends": [],
                "fn": "libsanitizer-16.2.0-h3048135_7.conda",
                "license": "",
                "md5": "9cdd9af432fa4eb62094aaf6211425bf",
                "name": "libsanitizer",
                "size": 0,
                "subdir": "linux-64",
                "timestamp": 0,
                "track_features": "",
                "url": "https://conda.anaconda.org/conda-forge/linux-64/libsanitizer-16.2.0-h3048135_7.conda",
                "version": "16.2.0"
            },
            {
                "build": "h088129d_0",
                "build_number": 0,
                "build_string": "h088129d_0",
                "channel": "https://conda.anaconda.org/conda-forge",
                "constrains": [],
                "depends": [],
                "fn": "libaec-1.1.5-h088129d_0.conda",
                "license": "",
                "md5": "86f7414544ae606282352fa1e116b41f",
                "name": "libaec",
                "size": 0,
                "subdir": "linux-64",
                "timestamp": 0,
                "track_features": "",
                "url": "https://conda.anaconda.org/conda-forge/linux-64/libaec-1.1.5-h088129d_0.conda",
                "version": "1.1.5"
            },
            {
                "build": "h76c4fd7_1",
                "build_number": 0,
                "build_string": "h76c4fd7_1",
                "channel": "https://conda.anaconda.org/conda-forge",
                "constrains": [],
                "depends": [],
                "fn": "fmt-12.1.0-h76c4fd7_1.conda",
                "license": "",
                "md5": "a70bb6d42ad121aef456e0007e92bed6",
                "name": "fmt",
                "size": 0,
                "subdir": "linux-64",
                "timestamp": 0,
                "track_features": "",
                "url": "https://conda.anaconda.org/conda-forge/linux-64/fmt-12.1.0-h76c4fd7_1.conda",
                "version": "12.1.0"
            },
            {
                "build": "h3f63f65_0",
                "build_number": 0,
                "build_string": "h3f63f65_0",
                "channel": "https://conda.anaconda.org/conda-forge",
                "constrains": [],
                "depends": [],
                "fn": "pugixml-1.15-h3f63f65_0.conda",
                "license": "",
                "md5": "b11a4c6bf6f6f44e5e143f759ffa2087",
                "name": "pugixml",
                "size": 0,
                "subdir": "linux-64",
                "timestamp": 0,
                "track_features": "",
                "url": "https://conda.anaconda.org/conda-forge/linux-64/pugixml-1.15-h3f63f65_0.conda",
                "version": "1.15"
            },
            {
                "build": "h73b1eb8_0",
                "build_number": 0,
                "build_string": "h73b1eb8_0",
                "channel": "https://conda.anaconda.org/conda-forge",
                "constrains": [],
                "depends": [],
                "fn": "libusb-1.0.29-h73b1eb8_0.conda",
                "license": "",
                "md5": "d17e3fb595a9f24fa9e149239a33475d",
                "name": "libusb",
                "size": 0,
                "subdir": "linux-64",
                "timestamp": 0,
                "track_features": "",
                "url": "https://conda.anaconda.org/conda-forge/linux-64/libusb-1.0.29-h73b1eb8_0.conda",
                "version": "1.0.29"
            },
            {
                "build": "h7b4f2e6_0",
                "build_number": 0,
                "build_string": "h7b4f2e6_0",
                "channel": "https://conda.anaconda.org/conda-forge",
                "constrains": [],
                "depends": [],
                "fn": "rdma-core-65.0-h7b4f2e6_0.conda",
                "license": "",
                "md5": "b47757f1512801cd064f0f973896d724",
                "name": "rdma-core",
                "size": 0,
                "subdir": "linux-64",
                "timestamp": 0,
                "track_features": "",
                "url": "https://conda.anaconda.org/conda-forge/linux-64/rdma-core-65.0-h7b4f2e6_0.conda",
                "version": "65.0"
            },
            {
                "build": "h9908984_4",
                "build_number": 0,
                "build_string": "h9908984_4",
                "channel": "https://conda.anaconda.org/conda-forge",
                "constrains": [],
                "depends": [],
                "fn": "brotli-bin-1.2.0-h9908984_4.conda",
                "license": "",
                "md5": "c48c09444f3736800ea0b9550c365baf",
                "name": "brotli-bin",
                "size": 0,
                "subdir": "linux-64",
                "timestamp": 0,
                "track_features": "",
                "url": "https://conda.anaconda.org/conda-forge/linux-64/brotli-bin-1.2.0-h9908984_4.conda",
                "version": "1.2.0"
            },
            {
                "build": "hbc21106_2",
                "build_number": 0,
                "build_string": "hbc21106_2",
                "channel": "https://conda.anaconda.org/conda-forge",
                "constrains": [],
                "depends": [],
                "fn": "krb5-1.22.2-hbc21106_2.conda",
                "license": "",
                "md5": "53318d715316929a574f83591308b1f8",
                "name": "krb5",
                "size": 0,
                "subdir": "linux-64",
                "timestamp": 0,
                "track_features": "",
                "url": "https://conda.anaconda.org/conda-forge/linux-64/krb5-1.22.2-hbc21106_2.conda",
                "version": "1.22.2"
            },
            {
                "build": "h0d30a3d_0",
                "build_number": 0,
                "build_string": "h0d30a3d_0",
                "channel": "https://conda.anaconda.org/conda-forge",
                "constrains": [],
                "depends": [],
                "fn": "libglib-2.88.3-h0d30a3d_0.conda",
                "license": "",
                "md5": "17c3b7b6bcbd35b688c933eb4834c0bc",
                "name": "libglib",
                "size": 0,
                "subdir": "linux-64",
                "timestamp": 0,
                "track_features": "",
                "url": "https://conda.anaconda.org/conda-forge/linux-64/libglib-2.88.3-h0d30a3d_0.conda",
                "version": "2.88.3"
            },
            {
                "build": "h4f16b4b_2",
                "build_number": 0,
                "build_string": "h4f16b4b_2",
                "channel": "https://conda.anaconda.org/conda-forge",
                "constrains": [],
                "depends": [],
                "fn": "xcb-util-0.4.1-h4f16b4b_2.conda",
                "license": "",
                "md5": "fdc27cb255a7a2cc73b7919a968b48f0",
                "name": "xcb-util",
                "size": 0,
                "subdir": "linux-64",
                "timestamp": 0,
                "track_features": "",
                "url": "https://conda.anaconda.org/conda-forge/linux-64/xcb-util-0.4.1-h4f16b4b_2.conda",
                "version": "0.4.1"
            },
            {
                "build": "hb711507_0",
                "build_number": 0,
                "build_string": "hb711507_0",
                "channel": "https://conda.anaconda.org/conda-forge",
                "constrains": [],
                "depends": [],
                "fn": "xcb-util-renderutil-0.3.10-hb711507_0.conda",
                "license": "",
                "md5": "0e0cbe0564d03a99afd5fd7b362feecd",
                "name": "xcb-util-renderutil",
                "size": 0,
                "subdir": "linux-64",
                "timestamp": 0,
                "track_features": "",
                "url": "https://conda.anaconda.org/conda-forge/linux-64/xcb-util-renderutil-0.3.10-hb711507_0.conda",
                "version": "0.3.10"
            },
            {
                "build": "hb711507_0",
                "build_number": 0,
                "build_string": "hb711507_0",
                "channel": "https://conda.anaconda.org/conda-forge",
                "constrains": [],
                "depends": [],
                "fn": "xcb-util-keysyms-0.4.1-hb711507_0.conda",
                "license": "",
                "md5": "ad748ccca349aec3e91743e08b5e2b50",
                "name": "xcb-util-keysyms",
                "size": 0,
                "subdir": "linux-64",
                "timestamp": 0,
                "track_features": "",
                "url": "https://conda.anaconda.org/conda-forge/linux-64/xcb-util-keysyms-0.4.1-hb711507_0.conda",
                "version": "0.4.1"
            },
            {
                "build": "hb711507_0",
                "build_number": 0,
                "build_string": "hb711507_0",
                "channel": "https://conda.anaconda.org/conda-forge",
                "constrains": [],
                "depends": [],
                "fn": "xcb-util-wm-0.4.2-hb711507_0.conda",
                "license": "",
                "md5": "608e0ef8256b81d04456e8d211eee3e8",
                "name": "xcb-util-wm",
                "size": 0,
                "subdir": "linux-64",
                "timestamp": 0,
                "track_features": "",
                "url": "https://conda.anaconda.org/conda-forge/linux-64/xcb-util-wm-0.4.2-hb711507_0.conda",
                "version": "0.4.2"
            },
            {
                "build": "he1eb515_1",
                "build_number": 0,
                "build_string": "he1eb515_1",
                "channel": "https://conda.anaconda.org/conda-forge",
                "constrains": [],
                "depends": [],
                "fn": "xorg-libx11-1.8.13-he1eb515_1.conda",
                "license": "",
                "md5": "8c282bbe4808a3cc80a5c98e9aec1cfc",
                "name": "xorg-libx11",
                "size": 0,
                "subdir": "linux-64",
                "timestamp": 0,
                "track_features": "",
                "url": "https://conda.anaconda.org/conda-forge/linux-64/xorg-libx11-1.8.13-he1eb515_1.conda",
                "version": "1.8.13"
            },
            {
                "build": "int32_hbb129e3_3",
                "build_number": 0,
                "build_string": "int32_hbb129e3_3",
                "channel": "https://conda.anaconda.org/conda-forge",
                "constrains": [],
                "depends": [],
                "fn": "libscotch-7.0.11-int32_hbb129e3_3.conda",
                "license": "",
                "md5": "b2d2c14ee2b21856b16b1c0b9fb275a0",
                "name": "libscotch",
                "size": 0,
                "subdir": "linux-64",
                "timestamp": 0,
                "track_features": "",
                "url": "https://conda.anaconda.org/conda-forge/linux-64/libscotch-7.0.11-int32_hbb129e3_3.conda",
                "version": "7.0.11"
            },
            {
                "build": "h92d6892_7100102",
                "build_number": 0,
                "build_string": "h92d6892_7100102",
                "channel": "https://conda.anaconda.org/conda-forge",
                "constrains": [],
                "depends": [],
                "fn": "libsuitesparseconfig-7.10.1-h92d6892_7100102.conda",
                "license": "",
                "md5": "d45d56b05772af9a24c0af1c3c3cc450",
                "name": "libsuitesparseconfig",
                "size": 0,
                "subdir": "linux-64",
                "timestamp": 0,
                "track_features": "",
                "url": "https://conda.anaconda.org/conda-forge/linux-64/libsuitesparseconfig-7.10.1-h92d6892_7100102.conda",
                "version": "7.10.1"
            },
            {
                "build": "openmp_h156ec52_2",
                "build_number": 0,
                "build_string": "openmp_h156ec52_2",
                "channel": "https://conda.anaconda.org/conda-forge",
                "constrains": [],
                "depends": [],
                "fn": "libopenblas-0.3.34-openmp_h156ec52_2.conda",
                "license": "",
                "md5": "85d0ace74af50f6eea7010679eacb59a",
                "name": "libopenblas",
                "size": 0,
                "subdir": "linux-64",
                "timestamp": 0,
                "track_features": "",
                "url": "https://conda.anaconda.org/conda-forge/linux-64/libopenblas-0.3.34-openmp_h156ec52_2.conda",
                "version": "0.3.34"
            },
            {
                "build": "ha770c72_2",
                "build_number": 0,
                "build_string": "ha770c72_2",
                "channel": "https://conda.anaconda.org/conda-forge",
                "constrains": [],
                "depends": [],
                "fn": "libfreetype-2.14.3-ha770c72_2.conda",
                "license": "",
                "md5": "f8054e759d0ddddaf34a5c8fedc900a1",
                "name": "libfreetype",
                "size": 0,
                "subdir": "linux-64",
                "timestamp": 0,
                "track_features": "",
                "url": "https://conda.anaconda.org/conda-forge/linux-64/libfreetype-2.14.3-ha770c72_2.conda",
                "version": "2.14.3"
            },
            {
                "build": "hb03c661_1",
                "build_number": 0,
                "build_string": "hb03c661_1",
                "channel": "https://conda.anaconda.org/conda-forge",
                "constrains": [],
                "depends": [],
                "fn": "ocl-icd-2.3.4-hb03c661_1.conda",
                "license": "",
                "md5": "c2871ba95727fd1382c05db66048b64c",
                "name": "ocl-icd",
                "size": 0,
                "subdir": "linux-64",
                "timestamp": 0,
                "track_features": "",
                "url": "https://conda.anaconda.org/conda-forge/linux-64/ocl-icd-2.3.4-hb03c661_1.conda",
                "version": "2.3.4"
            },
            {
                "build": "h13e7031_1",
                "build_number": 0,
                "build_string": "h13e7031_1",
                "channel": "https://conda.anaconda.org/conda-forge",
                "constrains": [],
                "depends": [],
                "fn": "libsqlite-3.53.4-h13e7031_1.conda",
                "license": "",
                "md5": "e72bbec309c2b0f37823ee7d4fabfcd3",
                "name": "libsqlite",
                "size": 0,
                "subdir": "linux-64",
                "timestamp": 0,
                "track_features": "",
                "url": "https://conda.anaconda.org/conda-forge/linux-64/libsqlite-3.53.4-h13e7031_1.conda",
                "version": "3.53.4"
            },
            {
                "build": "hf3af7cc_0",
                "build_number": 0,
                "build_string": "hf3af7cc_0",
                "channel": "https://conda.anaconda.org/conda-forge",
                "constrains": [],
                "depends": [],
                "fn": "libxml2-16-2.15.4-hf3af7cc_0.conda",
                "license": "",
                "md5": "b7545c57a73a51d72aa6eee5695cf051",
                "name": "libxml2-16",
                "size": 0,
                "subdir": "linux-64",
                "timestamp": 0,
                "track_features": "",
                "url": "https://conda.anaconda.org/conda-forge/linux-64/libxml2-16-2.15.4-hf3af7cc_0.conda",
                "version": "2.15.4"
            },
            {
                "build": "hd9e3e90_1",
                "build_number": 0,
                "build_string": "hd9e3e90_1",
                "channel": "https://conda.anaconda.org/conda-forge",
                "constrains": [],
                "depends": [],
                "fn": "libpsl-0.23.1-hd9e3e90_1.conda",
                "license": "",
                "md5": "77be60417aa572afcb48cbe0f967401d",
                "name": "libpsl",
                "size": 0,
                "subdir": "linux-64",
                "timestamp": 0,
                "track_features": "",
                "url": "https://conda.anaconda.org/conda-forge/linux-64/libpsl-0.23.1-hd9e3e90_1.conda",
                "version": "0.23.1"
            },
            {
                "build": "h1101c1b_3",
                "build_number": 0,
                "build_string": "h1101c1b_3",
                "channel": "https://conda.anaconda.org/conda-forge",
                "constrains": [],
                "depends": [],
                "fn": "libboost-1.90.0-h1101c1b_3.conda",
                "license": "",
                "md5": "bcabb17507a7c82f12e9a0cc67fd57c7",
                "name": "libboost",
                "size": 0,
                "subdir": "linux-64",
                "timestamp": 0,
                "track_features": "",
                "url": "https://conda.anaconda.org/conda-forge/linux-64/libboost-1.90.0-h1101c1b_3.conda",
                "version": "1.90.0"
            },
            {
                "build": "h980caa0_0",
                "build_number": 0,
                "build_string": "h980caa0_0",
                "channel": "https://conda.anaconda.org/conda-forge",
                "constrains": [],
                "depends": [],
                "fn": "glslang-16.6.0-h980caa0_0.conda",
                "license": "",
                "md5": "35406140e41bd93ba199420e299854ef",
                "name": "glslang",
                "size": 0,
                "subdir": "linux-64",
                "timestamp": 0,
                "track_features": "",
                "url": "https://conda.anaconda.org/conda-forge/linux-64/glslang-16.6.0-h980caa0_0.conda",
                "version": "16.6.0"
            },
            {
                "build": "h770b6ad_1",
                "build_number": 0,
                "build_string": "h770b6ad_1",
                "channel": "https://conda.anaconda.org/conda-forge",
                "constrains": [],
                "depends": [],
                "fn": "lame-4.0-h770b6ad_1.conda",
                "license": "",
                "md5": "5aecb65b6ecfee6f878e6789a8a779de",
                "name": "lame",
                "size": 0,
                "subdir": "linux-64",
                "timestamp": 0,
                "track_features": "",
                "url": "https://conda.anaconda.org/conda-forge/linux-64/lame-4.0-h770b6ad_1.conda",
                "version": "4.0"
            },
            {
                "build": "heb2dce7_2",
                "build_number": 0,
                "build_string": "heb2dce7_2",
                "channel": "https://conda.anaconda.org/conda-forge",
                "constrains": [],
                "depends": [],
                "fn": "libjxl-0.12.0-heb2dce7_2.conda",
                "license": "",
                "md5": "485788d339785bac87fe86315b4a0627",
                "name": "libjxl",
                "size": 0,
                "subdir": "linux-64",
                "timestamp": 0,
                "track_features": "",
                "url": "https://conda.anaconda.org/conda-forge/linux-64/libjxl-0.12.0-heb2dce7_2.conda",
                "version": "0.12.0"
            },
            {
                "build": "h85c0a6d_0",
                "build_number": 0,
                "build_string": "h85c0a6d_0",
                "channel": "https://conda.anaconda.org/conda-forge",
                "constrains": [],
                "depends": [],
                "fn": "libtheora-1.2.0-h85c0a6d_0.conda",
                "license": "",
                "md5": "177ef038f292390abe69137711fc0cbf",
                "name": "libtheora",
                "size": 0,
                "subdir": "linux-64",
                "timestamp": 0,
                "track_features": "",
                "url": "https://conda.anaconda.org/conda-forge/linux-64/libtheora-1.2.0-h85c0a6d_0.conda",
                "version": "1.2.0"
            },
            {
                "build": "h622638d_3",
                "build_number": 0,
                "build_string": "h622638d_3",
                "channel": "https://conda.anaconda.org/conda-forge",
                "constrains": [],
                "depends": [],
                "fn": "libprotobuf-7.35.1-h622638d_3.conda",
                "license": "",
                "md5": "fd307b61cceb36fdca38e1718bdb2893",
                "name": "libprotobuf",
                "size": 0,
                "subdir": "linux-64",
                "timestamp": 0,
                "track_features": "",
                "url": "https://conda.anaconda.org/conda-forge/linux-64/libprotobuf-7.35.1-h622638d_3.conda",
                "version": "7.35.1"
            },
            {
                "build": "hcc2c06a_1",
                "build_number": 0,
                "build_string": "hcc2c06a_1",
                "channel": "https://conda.anaconda.org/conda-forge",
                "constrains": [],
                "depends": [],
                "fn": "libtiff-4.7.2-hcc2c06a_1.conda",
                "license": "",
                "md5": "0907d876f460ebc941ae590338b6102f",
                "name": "libtiff",
                "size": 0,
                "subdir": "linux-64",
                "timestamp": 0,
                "track_features": "",
                "url": "https://conda.anaconda.org/conda-forge/linux-64/libtiff-4.7.2-hcc2c06a_1.conda",
                "version": "4.7.2"
            },
            {
                "build": "h00ab1b0_0",
                "build_number": 0,
                "build_string": "h00ab1b0_0",
                "channel": "https://conda.anaconda.org/conda-forge",
                "constrains": [],
                "depends": [],
                "fn": "voro-0.4.6-h00ab1b0_0.conda",
                "license": "",
                "md5": "781691f0d209a1243515301656a5ed8f",
                "name": "voro",
                "size": 0,
                "subdir": "linux-64",
                "timestamp": 0,
                "track_features": "",
                "url": "https://conda.anaconda.org/conda-forge/linux-64/voro-0.4.6-h00ab1b0_0.conda",
                "version": "0.4.6"
            },
            {
                "build": "h434a139_5",
                "build_number": 0,
                "build_string": "h434a139_5",
                "channel": "https://conda.anaconda.org/conda-forge",
                "constrains": [],
                "depends": [],
                "fn": "qhull-2020.2-h434a139_5.conda",
                "license": "",
                "md5": "353823361b1d27eb3960efb076dfcaf6",
                "name": "qhull",
                "size": 0,
                "subdir": "linux-64",
                "timestamp": 0,
                "track_features": "",
                "url": "https://conda.anaconda.org/conda-forge/linux-64/qhull-2020.2-h434a139_5.conda",
                "version": "2020.2"
            },
            {
                "build": "h2a13503_7",
                "build_number": 0,
                "build_string": "h2a13503_7",
                "channel": "https://conda.anaconda.org/conda-forge",
                "constrains": [],
                "depends": [],
                "fn": "hdf4-4.2.15-h2a13503_7.conda",
                "license": "",
                "md5": "bd77f8da987968ec3927990495dc22e4",
                "name": "hdf4",
                "size": 0,
                "subdir": "linux-64",
                "timestamp": 0,
                "track_features": "",
                "url": "https://conda.anaconda.org/conda-forge/linux-64/hdf4-4.2.15-h2a13503_7.conda",
                "version": "4.2.15"
            },
            {
                "build": "he440d0b_1",
                "build_number": 0,
                "build_string": "he440d0b_1",
                "channel": "https://conda.anaconda.org/conda-forge",
                "constrains": [],
                "depends": [],
                "fn": "blosc-1.21.6-he440d0b_1.conda",
                "license": "",
                "md5": "2c2fae981fd2afd00812c92ac47d023d",
                "name": "blosc",
                "size": 0,
                "subdir": "linux-64",
                "timestamp": 0,
                "track_features": "",
                "url": "https://conda.anaconda.org/conda-forge/linux-64/blosc-1.21.6-he440d0b_1.conda",
                "version": "1.21.6"
            },
            {
                "build": "hc31b594_0",
                "build_number": 0,
                "build_string": "hc31b594_0",
                "channel": "https://conda.anaconda.org/conda-forge",
                "constrains": [],
                "depends": [],
                "fn": "c-blosc2-3.1.5-hc31b594_0.conda",
                "license": "",
                "md5": "76ea4a0e8f1600f89cbb2d3d62ac2b04",
                "name": "c-blosc2",
                "size": 0,
                "subdir": "linux-64",
                "timestamp": 0,
                "track_features": "",
                "url": "https://conda.anaconda.org/conda-forge/linux-64/c-blosc2-3.1.5-hc31b594_0.conda",
                "version": "3.1.5"
            },
            {
                "build": "h9891192_7",
                "build_number": 0,
                "build_string": "h9891192_7",
                "channel": "https://conda.anaconda.org/conda-forge",
                "constrains": [],
                "depends": [],
                "fn": "gcc_impl_linux-64-16.2.0-h9891192_7.conda",
                "license": "",
                "md5": "f548b09900fed2701931f8cf925d8b9b",
                "name": "gcc_impl_linux-64",
                "size": 0,
                "subdir": "linux-64",
                "timestamp": 0,
                "track_features": "",
                "url": "https://conda.anaconda.org/conda-forge/linux-64/gcc_impl_linux-64-16.2.0-h9891192_7.conda",
                "version": "16.2.0"
            },
            {
                "build": "hb6aa676_2",
                "build_number": 0,
                "build_string": "hb6aa676_2",
                "channel": "https://conda.anaconda.org/conda-forge",
                "constrains": [],
                "depends": [],
                "fn": "spdlog-1.17.0-hb6aa676_2.conda",
                "license": "",
                "md5": "5e32ceeb7b9514ce4730565052829dbd",
                "name": "spdlog",
                "size": 0,
                "subdir": "linux-64",
                "timestamp": 0,
                "track_features": "",
                "url": "https://conda.anaconda.org/conda-forge/linux-64/spdlog-1.17.0-hb6aa676_2.conda",
                "version": "1.17.0"
            },
            {
                "build": "hbe80e26_0",
                "build_number": 0,
                "build_string": "hbe80e26_0",
                "channel": "https://conda.anaconda.org/conda-forge",
                "constrains": [],
                "depends": [],
                "fn": "ucx-1.20.1-hbe80e26_0.conda",
                "license": "",
                "md5": "7d06bc10996e75c90b8cd7631b5dcf6c",
                "name": "ucx",
                "size": 0,
                "subdir": "linux-64",
                "timestamp": 0,
                "track_features": "",
                "url": "https://conda.anaconda.org/conda-forge/linux-64/ucx-1.20.1-hbe80e26_0.conda",
                "version": "1.20.1"
            },
            {
                "build": "h6b3ec72_0",
                "build_number": 0,
                "build_string": "h6b3ec72_0",
                "channel": "https://conda.anaconda.org/conda-forge",
                "constrains": [],
                "depends": [],
                "fn": "libfabric1-2.6.0-h6b3ec72_0.conda",
                "license": "",
                "md5": "7d8c510157360d0a6fdd84a1d3db8de7",
                "name": "libfabric1",
                "size": 0,
                "subdir": "linux-64",
                "timestamp": 0,
                "track_features": "",
                "url": "https://conda.anaconda.org/conda-forge/linux-64/libfabric1-2.6.0-h6b3ec72_0.conda",
                "version": "2.6.0"
            },
            {
                "build": "h505cf86_4",
                "build_number": 0,
                "build_string": "h505cf86_4",
                "channel": "https://conda.anaconda.org/conda-forge",
                "constrains": [],
                "depends": [],
                "fn": "brotli-1.2.0-h505cf86_4.conda",
                "license": "",
                "md5": "746aa619a1bcaf4da541101179d7c60e",
                "name": "brotli",
                "size": 0,
                "subdir": "linux-64",
                "timestamp": 0,
                "track_features": "",
                "url": "https://conda.anaconda.org/conda-forge/linux-64/brotli-1.2.0-h505cf86_4.conda",
                "version": "1.2.0"
            },
            {
                "build": "hac629b4_1",
                "build_number": 0,
                "build_string": "hac629b4_1",
                "channel": "https://conda.anaconda.org/conda-forge",
                "constrains": [],
                "depends": [],
                "fn": "cyrus-sasl-2.1.28-hac629b4_1.conda",
                "license": "",
                "md5": "af491aae930edc096b58466c51c4126c",
                "name": "cyrus-sasl",
                "size": 0,
                "subdir": "linux-64",
                "timestamp": 0,
                "track_features": "",
                "url": "https://conda.anaconda.org/conda-forge/linux-64/cyrus-sasl-2.1.28-hac629b4_1.conda",
                "version": "2.1.28"
            },
            {
                "build": "h7a8fb5f_6",
                "build_number": 0,
                "build_string": "h7a8fb5f_6",
                "channel": "https://conda.anaconda.org/conda-forge",
                "constrains": [],
                "depends": [],
                "fn": "libcups-2.3.3-h7a8fb5f_6.conda",
                "license": "",
                "md5": "49c553b47ff679a6a1e9fc80b9c5a2d4",
                "name": "libcups",
                "size": 0,
                "subdir": "linux-64",
                "timestamp": 0,
                "track_features": "",
                "url": "https://conda.anaconda.org/conda-forge/linux-64/libcups-2.3.3-h7a8fb5f_6.conda",
                "version": "2.3.3"
            },
            {
                "build": "h901266b_12",
                "build_number": 0,
                "build_string": "h901266b_12",
                "channel": "https://conda.anaconda.org/conda-forge",
                "constrains": [],
                "depends": [],
                "fn": "zeromq-4.3.5-h901266b_12.conda",
                "license": "",
                "md5": "292a05f1436b98e17055090b5ef07746",
                "name": "zeromq",
                "size": 0,
                "subdir": "linux-64",
                "timestamp": 0,
                "track_features": "",
                "url": "https://conda.anaconda.org/conda-forge/linux-64/zeromq-4.3.5-h901266b_12.conda",
                "version": "4.3.5"
            },
            {
                "build": "he8c428d_2",
                "build_number": 0,
                "build_string": "he8c428d_2",
                "channel": "https://conda.anaconda.org/conda-forge",
                "constrains": [],
                "depends": [],
                "fn": "dbus-1.16.2-he8c428d_2.conda",
                "license": "",
                "md5": "a6eb37b51be1a9a654dc3a8aca039b1a",
                "name": "dbus",
                "size": 0,
                "subdir": "linux-64",
                "timestamp": 0,
                "track_features": "",
                "url": "https://conda.anaconda.org/conda-forge/linux-64/dbus-1.16.2-he8c428d_2.conda",
                "version": "1.16.2"
            },
            {
                "build": "hb711507_2",
                "build_number": 0,
                "build_string": "hb711507_2",
                "channel": "https://conda.anaconda.org/conda-forge",
                "constrains": [],
                "depends": [],
                "fn": "xcb-util-image-0.4.0-hb711507_2.conda",
                "license": "",
                "md5": "a0901183f08b6c7107aab109733a3c91",
                "name": "xcb-util-image",
                "size": 0,
                "subdir": "linux-64",
                "timestamp": 0,
                "track_features": "",
                "url": "https://conda.anaconda.org/conda-forge/linux-64/xcb-util-image-0.4.0-hb711507_2.conda",
                "version": "0.4.0"
            },
            {
                "build": "h280c20c_0",
                "build_number": 0,
                "build_string": "h280c20c_0",
                "channel": "https://conda.anaconda.org/conda-forge",
                "constrains": [],
                "depends": [],
                "fn": "xkeyboard-config-2.48-h280c20c_0.conda",
                "license": "",
                "md5": "b233b41be0bf210989d57160ed39b394",
                "name": "xkeyboard-config",
                "size": 0,
                "subdir": "linux-64",
                "timestamp": 0,
                "track_features": "",
                "url": "https://conda.anaconda.org/conda-forge/linux-64/xkeyboard-config-2.48-h280c20c_0.conda",
                "version": "2.48"
            },
            {
                "build": "hb03c661_0",
                "build_number": 0,
                "build_string": "hb03c661_0",
                "channel": "https://conda.anaconda.org/conda-forge",
                "constrains": [],
                "depends": [],
                "fn": "libxkbfile-1.2.0-hb03c661_0.conda",
                "license": "",
                "md5": "f330a1b107cb5861f26dbb72a26f33e8",
                "name": "libxkbfile",
                "size": 0,
                "subdir": "linux-64",
                "timestamp": 0,
                "track_features": "",
                "url": "https://conda.anaconda.org/conda-forge/linux-64/libxkbfile-1.2.0-hb03c661_0.conda",
                "version": "1.2.0"
            },
            {
                "build": "ha4b6fd6_5",
                "build_number": 0,
                "build_string": "ha4b6fd6_5",
                "channel": "https://conda.anaconda.org/conda-forge",
                "constrains": [],
                "depends": [],
                "fn": "libglx-1.7.0-ha4b6fd6_5.conda",
                "license": "",
                "md5": "614e10aae180f87b84f0d1ca8ceb7d9e",
                "name": "libglx",
                "size": 0,
                "subdir": "linux-64",
                "timestamp": 0,
                "track_features": "",
                "url": "https://conda.anaconda.org/conda-forge/linux-64/libglx-1.7.0-ha4b6fd6_5.conda",
                "version": "1.7.0"
            },
            {
                "build": "hb03c661_1",
                "build_number": 0,
                "build_string": "hb03c661_1",
                "channel": "https://conda.anaconda.org/conda-forge",
                "constrains": [],
                "depends": [],
                "fn": "xorg-libxrender-0.9.12-hb03c661_1.conda",
                "license": "",
                "md5": "e470d224a7a5be1b1d021bded7abb536",
                "name": "xorg-libxrender",
                "size": 0,
                "subdir": "linux-64",
                "timestamp": 0,
                "track_features": "",
                "url": "https://conda.anaconda.org/conda-forge/linux-64/xorg-libxrender-0.9.12-hb03c661_1.conda",
                "version": "0.9.12"
            },
            {
                "build": "h7cc23a3_1",
                "build_number": 0,
                "build_string": "h7cc23a3_1",
                "channel": "https://conda.anaconda.org/conda-forge",
                "constrains": [],
                "depends": [],
                "fn": "xorg-libxfixes-6.0.2-h7cc23a3_1.conda",
                "license": "",
                "md5": "09132e874fe0e1f5e4492b0b6b904b6e",
                "name": "xorg-libxfixes",
                "size": 0,
                "subdir": "linux-64",
                "timestamp": 0,
                "track_features": "",
                "url": "https://conda.anaconda.org/conda-forge/linux-64/xorg-libxfixes-6.0.2-h7cc23a3_1.conda",
                "version": "6.0.2"
            },
            {
                "build": "h7cc23a3_1",
                "build_number": 0,
                "build_string": "h7cc23a3_1",
                "channel": "https://conda.anaconda.org/conda-forge",
                "constrains": [],
                "depends": [],
                "fn": "xorg-libxt-1.3.1-h7cc23a3_1.conda",
                "license": "",
                "md5": "2121765de9c261e2a95ab9fc6efabefb",
                "name": "xorg-libxt",
                "size": 0,
                "subdir": "linux-64",
                "timestamp": 0,
                "track_features": "",
                "url": "https://conda.anaconda.org/conda-forge/linux-64/xorg-libxt-1.3.1-h7cc23a3_1.conda",
                "version": "1.3.1"
            },
            {
                "build": "h7cc23a3_1",
                "build_number": 0,
                "build_string": "h7cc23a3_1",
                "channel": "https://conda.anaconda.org/conda-forge",
                "constrains": [],
                "depends": [],
                "fn": "xorg-libxext-1.3.7-h7cc23a3_1.conda",
                "license": "",
                "md5": "e5b6b28536b81b3f4cb20db4668a4642",
                "name": "xorg-libxext",
                "size": 0,
                "subdir": "linux-64",
                "timestamp": 0,
                "track_features": "",
                "url": "https://conda.anaconda.org/conda-forge/linux-64/xorg-libxext-1.3.7-h7cc23a3_1.conda",
                "version": "1.3.7"
            },
            {
                "build": "h32481e8_7100102",
                "build_number": 0,
                "build_string": "h32481e8_7100102",
                "channel": "https://conda.anaconda.org/conda-forge",
                "constrains": [],
                "depends": [],
                "fn": "libbtf-2.3.2-h32481e8_7100102.conda",
                "license": "",
                "md5": "66919af2c087d6dafc0ac60dc8186a93",
                "name": "libbtf",
                "size": 0,
                "subdir": "linux-64",
                "timestamp": 0,
                "track_features": "",
                "url": "https://conda.anaconda.org/conda-forge/linux-64/libbtf-2.3.2-h32481e8_7100102.conda",
                "version": "2.3.2"
            },
            {
                "build": "h32481e8_7100102",
                "build_number": 0,
                "build_string": "h32481e8_7100102",
                "channel": "https://conda.anaconda.org/conda-forge",
                "constrains": [],
                "depends": [],
                "fn": "libcamd-3.3.3-h32481e8_7100102.conda",
                "license": "",
                "md5": "9892f675f977db9ca5c3a4202dde2ac8",
                "name": "libcamd",
                "size": 0,
                "subdir": "linux-64",
                "timestamp": 0,
                "track_features": "",
                "url": "https://conda.anaconda.org/conda-forge/linux-64/libcamd-3.3.3-h32481e8_7100102.conda",
                "version": "3.3.3"
            },
            {
                "build": "h32481e8_7100102",
                "build_number": 0,
                "build_string": "h32481e8_7100102",
                "channel": "https://conda.anaconda.org/conda-forge",
                "constrains": [],
                "depends": [],
                "fn": "libccolamd-3.3.4-h32481e8_7100102.conda",
                "license": "",
                "md5": "5885d6070cfc7a06cb8fbf3529bfdcfc",
                "name": "libccolamd",
                "size": 0,
                "subdir": "linux-64",
                "timestamp": 0,
                "track_features": "",
                "url": "https://conda.anaconda.org/conda-forge/linux-64/libccolamd-3.3.4-h32481e8_7100102.conda",
                "version": "3.3.4"
            },
            {
                "build": "h32481e8_7100102",
                "build_number": 0,
                "build_string": "h32481e8_7100102",
                "channel": "https://conda.anaconda.org/conda-forge",
                "constrains": [],
                "depends": [],
                "fn": "libcolamd-3.3.4-h32481e8_7100102.conda",
                "license": "",
                "md5": "741d2faafde47a015bb961afcc5032f4",
                "name": "libcolamd",
                "size": 0,
                "subdir": "linux-64",
                "timestamp": 0,
                "track_features": "",
                "url": "https://conda.anaconda.org/conda-forge/linux-64/libcolamd-3.3.4-h32481e8_7100102.conda",
                "version": "3.3.4"
            },
            {
                "build": "haaf9dc3_7100102",
                "build_number": 0,
                "build_string": "haaf9dc3_7100102",
                "channel": "https://conda.anaconda.org/conda-forge",
                "constrains": [],
                "depends": [],
                "fn": "libamd-3.3.3-haaf9dc3_7100102.conda",
                "license": "",
                "md5": "dd2ac21455e520614180dba84a5c4b40",
                "name": "libamd",
                "size": 0,
                "subdir": "linux-64",
                "timestamp": 0,
                "track_features": "",
                "url": "https://conda.anaconda.org/conda-forge/linux-64/libamd-3.3.3-haaf9dc3_7100102.conda",
                "version": "3.3.3"
            },
            {
                "build": "11_h4a7cf45_openblas",
                "build_number": 0,
                "build_string": "11_h4a7cf45_openblas",
                "channel": "https://conda.anaconda.org/conda-forge",
                "constrains": [],
                "depends": [],
                "fn": "libblas-3.11.0-11_h4a7cf45_openblas.conda",
                "license": "",
                "md5": "b8cce1486f3c62f33291d6318c193d0d",
                "name": "libblas",
                "size": 0,
                "subdir": "linux-64",
                "timestamp": 0,
                "track_features": "",
                "url": "https://conda.anaconda.org/conda-forge/linux-64/libblas-3.11.0-11_h4a7cf45_openblas.conda",
                "version": "3.11.0"
            },
            {
                "build": "h4db4eae_1",
                "build_number": 0,
                "build_string": "h4db4eae_1",
                "channel": "https://conda.anaconda.org/conda-forge",
                "constrains": [],
                "depends": [],
                "fn": "fontconfig-2.18.3-h4db4eae_1.conda",
                "license": "",
                "md5": "922776b528a470ab5afa81fd42abfa1d",
                "name": "fontconfig",
                "size": 0,
                "subdir": "linux-64",
                "timestamp": 0,
                "track_features": "",
                "url": "https://conda.anaconda.org/conda-forge/linux-64/fontconfig-2.18.3-h4db4eae_1.conda",
                "version": "2.18.3"
            },
            {
                "build": "ha770c72_2",
                "build_number": 0,
                "build_string": "ha770c72_2",
                "channel": "https://conda.anaconda.org/conda-forge",
                "constrains": [],
                "depends": [],
                "fn": "freetype-2.14.3-ha770c72_2.conda",
                "license": "",
                "md5": "2d0ea23b23603e07ca47f23f949f67b6",
                "name": "freetype",
                "size": 0,
                "subdir": "linux-64",
                "timestamp": 0,
                "track_features": "",
                "url": "https://conda.anaconda.org/conda-forge/linux-64/freetype-2.14.3-ha770c72_2.conda",
                "version": "2.14.3"
            },
            {
                "build": "h9ffa6c4_1",
                "build_number": 0,
                "build_string": "h9ffa6c4_1",
                "channel": "https://conda.anaconda.org/conda-forge",
                "constrains": [],
                "depends": [],
                "fn": "sqlite-3.53.4-h9ffa6c4_1.conda",
                "license": "",
                "md5": "d42b24574925bfa3167efb3571c905ad",
                "name": "sqlite",
                "size": 0,
                "subdir": "linux-64",
                "timestamp": 0,
                "track_features": "",
                "url": "https://conda.anaconda.org/conda-forge/linux-64/sqlite-3.53.4-h9ffa6c4_1.conda",
                "version": "3.53.4"
            },
            {
                "build": "hd63d673_0_cpython",
                "build_number": 0,
                "build_string": "hd63d673_0_cpython",
                "channel": "https://conda.anaconda.org/conda-forge",
                "constrains": [],
                "depends": [],
                "fn": "python-3.12.13-hd63d673_0_cpython.conda",
                "license": "",
                "md5": "7eccb41177e15cc672e1babe9056018e",
                "name": "python",
                "size": 0,
                "subdir": "linux-64",
                "timestamp": 0,
                "track_features": "",
                "url": "https://conda.anaconda.org/conda-forge/linux-64/python-3.12.13-hd63d673_0_cpython.conda",
                "version": "3.12.13"
            },
            {
                "build": "h7df9aa5_0",
                "build_number": 0,
                "build_string": "h7df9aa5_0",
                "channel": "https://conda.anaconda.org/conda-forge",
                "constrains": [],
                "depends": [],
                "fn": "libxml2-2.15.4-h7df9aa5_0.conda",
                "license": "",
                "md5": "ea192d1ef556bf1d55de4acb8c0f5b65",
                "name": "libxml2",
                "size": 0,
                "subdir": "linux-64",
                "timestamp": 0,
                "track_features": "",
                "url": "https://conda.anaconda.org/conda-forge/linux-64/libxml2-2.15.4-h7df9aa5_0.conda",
                "version": "2.15.4"
            },
            {
                "build": "ha042cf0_0",
                "build_number": 0,
                "build_string": "ha042cf0_0",
                "channel": "https://conda.anaconda.org/conda-forge",
                "constrains": [],
                "depends": [],
                "fn": "libcurl-8.22.0-ha042cf0_0.conda",
                "license": "",
                "md5": "e617deee7af8eb0c04f6296d12b54157",
                "name": "libcurl",
                "size": 0,
                "subdir": "linux-64",
                "timestamp": 0,
                "track_features": "",
                "url": "https://conda.anaconda.org/conda-forge/linux-64/libcurl-8.22.0-ha042cf0_0.conda",
                "version": "8.22.0"
            },
            {
                "build": "hdab9b82_3",
                "build_number": 0,
                "build_string": "hdab9b82_3",
                "channel": "https://conda.anaconda.org/conda-forge",
                "constrains": [],
                "depends": [],
                "fn": "libboost-devel-1.90.0-hdab9b82_3.conda",
                "license": "",
                "md5": "4fd60e06e7f90c0e9dddae84f75d4c28",
                "name": "libboost-devel",
                "size": 0,
                "subdir": "linux-64",
                "timestamp": 0,
                "track_features": "",
                "url": "https://conda.anaconda.org/conda-forge/linux-64/libboost-devel-1.90.0-hdab9b82_3.conda",
                "version": "1.90.0"
            },
            {
                "build": "hcebf71c_1",
                "build_number": 0,
                "build_string": "hcebf71c_1",
                "channel": "https://conda.anaconda.org/conda-forge",
                "constrains": [],
                "depends": [],
                "fn": "shaderc-2026.3-hcebf71c_1.conda",
                "license": "",
                "md5": "8f3979185375f21da886fb6cc2630005",
                "name": "shaderc",
                "size": 0,
                "subdir": "linux-64",
                "timestamp": 0,
                "track_features": "",
                "url": "https://conda.anaconda.org/conda-forge/linux-64/shaderc-2026.3-hcebf71c_1.conda",
                "version": "2026.3"
            },
            {
                "build": "hbc6d301_3",
                "build_number": 0,
                "build_string": "hbc6d301_3",
                "channel": "https://conda.anaconda.org/conda-forge",
                "constrains": [],
                "depends": [],
                "fn": "libsndfile-1.2.2-hbc6d301_3.conda",
                "license": "",
                "md5": "a2bc10137c845d9c45067f3c53aad6e5",
                "name": "libsndfile",
                "size": 0,
                "subdir": "linux-64",
                "timestamp": 0,
                "track_features": "",
                "url": "https://conda.anaconda.org/conda-forge/linux-64/libsndfile-1.2.2-hbc6d301_3.conda",
                "version": "1.2.2"
            },
            {
                "build": "h9073bf1_3",
                "build_number": 0,
                "build_string": "h9073bf1_3",
                "channel": "https://conda.anaconda.org/conda-forge",
                "constrains": [],
                "depends": [],
                "fn": "lcms2-2.19.1-h9073bf1_3.conda",
                "license": "",
                "md5": "596464faa06e0b656b35416188ef9bba",
                "name": "lcms2",
                "size": 0,
                "subdir": "linux-64",
                "timestamp": 0,
                "track_features": "",
                "url": "https://conda.anaconda.org/conda-forge/linux-64/lcms2-2.19.1-h9073bf1_3.conda",
                "version": "2.19.1"
            },
            {
                "build": "heb1ab33_2",
                "build_number": 0,
                "build_string": "heb1ab33_2",
                "channel": "https://conda.anaconda.org/conda-forge",
                "constrains": [],
                "depends": [],
                "fn": "openjpeg-2.5.4-heb1ab33_2.conda",
                "license": "",
                "md5": "a3f3ac7a68d01c198e276dbb99e62032",
                "name": "openjpeg",
                "size": 0,
                "subdir": "linux-64",
                "timestamp": 0,
                "track_features": "",
                "url": "https://conda.anaconda.org/conda-forge/linux-64/openjpeg-2.5.4-heb1ab33_2.conda",
                "version": "2.5.4"
            },
            {
                "build": "h8d634f6_0",
                "build_number": 0,
                "build_string": "h8d634f6_0",
                "channel": "https://conda.anaconda.org/conda-forge",
                "constrains": [],
                "depends": [],
                "fn": "openjph-0.31.0-h8d634f6_0.conda",
                "license": "",
                "md5": "49ca947333c62d5985a88cbdd8f59468",
                "name": "openjph",
                "size": 0,
                "subdir": "linux-64",
                "timestamp": 0,
                "track_features": "",
                "url": "https://conda.anaconda.org/conda-forge/linux-64/openjph-0.31.0-h8d634f6_0.conda",
                "version": "0.31.0"
            },
            {
                "build": "h68053f1_2",
                "build_number": 0,
                "build_string": "h68053f1_2",
                "channel": "https://conda.anaconda.org/conda-forge",
                "constrains": [],
                "depends": [],
                "fn": "gdk-pixbuf-2.44.8-h68053f1_2.conda",
                "license": "",
                "md5": "d7bd6ccfc58eb6796bd6bba85878fc0e",
                "name": "gdk-pixbuf",
                "size": 0,
                "subdir": "linux-64",
                "timestamp": 0,
                "track_features": "",
                "url": "https://conda.anaconda.org/conda-forge/linux-64/gdk-pixbuf-2.44.8-h68053f1_2.conda",
                "version": "2.44.8"
            },
            {
                "build": "hf8037ed_7",
                "build_number": 0,
                "build_string": "hf8037ed_7",
                "channel": "https://conda.anaconda.org/conda-forge",
                "constrains": [],
                "depends": [],
                "fn": "conda-gcc-specs-16.2.0-hf8037ed_7.conda",
                "license": "",
                "md5": "f81ac04bea74e2911ac8c2d75f8f7c15",
                "name": "conda-gcc-specs",
                "size": 0,
                "subdir": "linux-64",
                "timestamp": 0,
                "track_features": "",
                "url": "https://conda.anaconda.org/conda-forge/linux-64/conda-gcc-specs-16.2.0-hf8037ed_7.conda",
                "version": "16.2.0"
            },
            {
                "build": "ha770c72_0",
                "build_number": 0,
                "build_string": "ha770c72_0",
                "channel": "https://conda.anaconda.org/conda-forge",
                "constrains": [],
                "depends": [],
                "fn": "libfabric-2.6.0-ha770c72_0.conda",
                "license": "",
                "md5": "b04e60c49d09399a009f3bb70bb53a23",
                "name": "libfabric",
                "size": 0,
                "subdir": "linux-64",
                "timestamp": 0,
                "track_features": "",
                "url": "https://conda.anaconda.org/conda-forge/linux-64/libfabric-2.6.0-ha770c72_0.conda",
                "version": "2.6.0"
            },
            {
                "build": "hbde042b_0",
                "build_number": 0,
                "build_string": "hbde042b_0",
                "channel": "https://conda.anaconda.org/conda-forge",
                "constrains": [],
                "depends": [],
                "fn": "openldap-2.6.13-hbde042b_0.conda",
                "license": "",
                "md5": "680608784722880fbfe1745067570b00",
                "name": "openldap",
                "size": 0,
                "subdir": "linux-64",
                "timestamp": 0,
                "track_features": "",
                "url": "https://conda.anaconda.org/conda-forge/linux-64/openldap-2.6.13-hbde042b_0.conda",
                "version": "2.6.13"
            },
            {
                "build": "hb03c661_0",
                "build_number": 0,
                "build_string": "hb03c661_0",
                "channel": "https://conda.anaconda.org/conda-forge",
                "constrains": [],
                "depends": [],
                "fn": "xcb-util-cursor-0.1.6-hb03c661_0.conda",
                "license": "",
                "md5": "4d1fc190b99912ed557a8236e958c559",
                "name": "xcb-util-cursor",
                "size": 0,
                "subdir": "linux-64",
                "timestamp": 0,
                "track_features": "",
                "url": "https://conda.anaconda.org/conda-forge/linux-64/xcb-util-cursor-0.1.6-hb03c661_0.conda",
                "version": "0.1.6"
            },
            {
                "build": "ha4b6fd6_5",
                "build_number": 0,
                "build_string": "ha4b6fd6_5",
                "channel": "https://conda.anaconda.org/conda-forge",
                "constrains": [],
                "depends": [],
                "fn": "libglx-devel-1.7.0-ha4b6fd6_5.conda",
                "license": "",
                "md5": "fb00b4fb800f2d431303a5c1625ef9d0",
                "name": "libglx-devel",
                "size": 0,
                "subdir": "linux-64",
                "timestamp": 0,
                "track_features": "",
                "url": "https://conda.anaconda.org/conda-forge/linux-64/libglx-devel-1.7.0-ha4b6fd6_5.conda",
                "version": "1.7.0"
            },
            {
                "build": "ha4b6fd6_5",
                "build_number": 0,
                "build_string": "ha4b6fd6_5",
                "channel": "https://conda.anaconda.org/conda-forge",
                "constrains": [],
                "depends": [],
                "fn": "libgl-1.7.0-ha4b6fd6_5.conda",
                "license": "",
                "md5": "81141db127a106eb5a91df69a29c9918",
                "name": "libgl",
                "size": 0,
                "subdir": "linux-64",
                "timestamp": 0,
                "track_features": "",
                "url": "https://conda.anaconda.org/conda-forge/linux-64/libgl-1.7.0-ha4b6fd6_5.conda",
                "version": "1.7.0"
            },
            {
                "build": "hb03c661_0",
                "build_number": 0,
                "build_string": "hb03c661_0",
                "channel": "https://conda.anaconda.org/conda-forge",
                "constrains": [],
                "depends": [],
                "fn": "xorg-libxcomposite-0.4.7-hb03c661_0.conda",
                "license": "",
                "md5": "f2ba4192d38b6cef2bb2c25029071d90",
                "name": "xorg-libxcomposite",
                "size": 0,
                "subdir": "linux-64",
                "timestamp": 0,
                "track_features": "",
                "url": "https://conda.anaconda.org/conda-forge/linux-64/xorg-libxcomposite-0.4.7-hb03c661_0.conda",
                "version": "0.4.7"
            },
            {
                "build": "hb9d3cd8_0",
                "build_number": 0,
                "build_string": "hb9d3cd8_0",
                "channel": "https://conda.anaconda.org/conda-forge",
                "constrains": [],
                "depends": [],
                "fn": "xorg-libxcursor-1.2.3-hb9d3cd8_0.conda",
                "license": "",
                "md5": "2ccd714aa2242315acaf0a67faea780b",
                "name": "xorg-libxcursor",
                "size": 0,
                "subdir": "linux-64",
                "timestamp": 0,
                "track_features": "",
                "url": "https://conda.anaconda.org/conda-forge/linux-64/xorg-libxcursor-1.2.3-hb9d3cd8_0.conda",
                "version": "1.2.3"
            },
            {
                "build": "h7cc23a3_1",
                "build_number": 0,
                "build_string": "h7cc23a3_1",
                "channel": "https://conda.anaconda.org/conda-forge",
                "constrains": [],
                "depends": [],
                "fn": "xorg-libxrandr-1.5.5-h7cc23a3_1.conda",
                "license": "",
                "md5": "798a8c9d171859a022e1cb89e7d0eb10",
                "name": "xorg-libxrandr",
                "size": 0,
                "subdir": "linux-64",
                "timestamp": 0,
                "track_features": "",
                "url": "https://conda.anaconda.org/conda-forge/linux-64/xorg-libxrandr-1.5.5-h7cc23a3_1.conda",
                "version": "1.5.5"
            },
            {
                "build": "hb9d3cd8_0",
                "build_number": 0,
                "build_string": "hb9d3cd8_0",
                "channel": "https://conda.anaconda.org/conda-forge",
                "constrains": [],
                "depends": [],
                "fn": "xorg-libxscrnsaver-1.2.4-hb9d3cd8_0.conda",
                "license": "",
                "md5": "303f7a0e9e0cd7d250bb6b952cecda90",
                "name": "xorg-libxscrnsaver",
                "size": 0,
                "subdir": "linux-64",
                "timestamp": 0,
                "track_features": "",
                "url": "https://conda.anaconda.org/conda-forge/linux-64/xorg-libxscrnsaver-1.2.4-hb9d3cd8_0.conda",
                "version": "1.2.4"
            },
            {
                "build": "h7cc23a3_1",
                "build_number": 0,
                "build_string": "h7cc23a3_1",
                "channel": "https://conda.anaconda.org/conda-forge",
                "constrains": [],
                "depends": [],
                "fn": "xorg-libxi-1.8.3-h7cc23a3_1.conda",
                "license": "",
                "md5": "a1412b2b1184dacda45f8476fef2cc25",
                "name": "xorg-libxi",
                "size": 0,
                "subdir": "linux-64",
                "timestamp": 0,
                "track_features": "",
                "url": "https://conda.anaconda.org/conda-forge/linux-64/xorg-libxi-1.8.3-h7cc23a3_1.conda",
                "version": "1.8.3"
            },
            {
                "build": "hb9d3cd8_0",
                "build_number": 0,
                "build_string": "hb9d3cd8_0",
                "channel": "https://conda.anaconda.org/conda-forge",
                "constrains": [],
                "depends": [],
                "fn": "xorg-libxdamage-1.1.6-hb9d3cd8_0.conda",
                "license": "",
                "md5": "b5fcc7172d22516e1f965490e65e33a4",
                "name": "xorg-libxdamage",
                "size": 0,
                "subdir": "linux-64",
                "timestamp": 0,
                "track_features": "",
                "url": "https://conda.anaconda.org/conda-forge/linux-64/xorg-libxdamage-1.1.6-hb9d3cd8_0.conda",
                "version": "1.1.6"
            },
            {
                "build": "hb03c661_0",
                "build_number": 0,
                "build_string": "hb03c661_0",
                "channel": "https://conda.anaconda.org/conda-forge",
                "constrains": [],
                "depends": [],
                "fn": "xorg-libxxf86vm-1.1.7-hb03c661_0.conda",
                "license": "",
                "md5": "665d152b9c6e78da404086088077c844",
                "name": "xorg-libxxf86vm",
                "size": 0,
                "subdir": "linux-64",
                "timestamp": 0,
                "track_features": "",
                "url": "https://conda.anaconda.org/conda-forge/linux-64/xorg-libxxf86vm-1.1.7-hb03c661_0.conda",
                "version": "1.1.7"
            },
            {
                "build": "hb03c661_0",
                "build_number": 0,
                "build_string": "hb03c661_0",
                "channel": "https://conda.anaconda.org/conda-forge",
                "constrains": [],
                "depends": [],
                "fn": "xorg-libxmu-1.3.1-hb03c661_0.conda",
                "license": "",
                "md5": "c68a1319c4e98c0504614f0abc6e8274",
                "name": "xorg-libxmu",
                "size": 0,
                "subdir": "linux-64",
                "timestamp": 0,
                "track_features": "",
                "url": "https://conda.anaconda.org/conda-forge/linux-64/xorg-libxmu-1.3.1-hb03c661_0.conda",
                "version": "1.3.1"
            },
            {
                "build": "11_h47877c9_openblas",
                "build_number": 0,
                "build_string": "11_h47877c9_openblas",
                "channel": "https://conda.anaconda.org/conda-forge",
                "constrains": [],
                "depends": [],
                "fn": "liblapack-3.11.0-11_h47877c9_openblas.conda",
                "license": "",
                "md5": "5622a13917855ce4b953b9e655cf9262",
                "name": "liblapack",
                "size": 0,
                "subdir": "linux-64",
                "timestamp": 0,
                "track_features": "",
                "url": "https://conda.anaconda.org/conda-forge/linux-64/liblapack-3.11.0-11_h47877c9_openblas.conda",
                "version": "3.11.0"
            },
            {
                "build": "11_h0358290_openblas",
                "build_number": 0,
                "build_string": "11_h0358290_openblas",
                "channel": "https://conda.anaconda.org/conda-forge",
                "constrains": [],
                "depends": [],
                "fn": "libcblas-3.11.0-11_h0358290_openblas.conda",
                "license": "",
                "md5": "73a248c30811075059b5aeda766c2624",
                "name": "libcblas",
                "size": 0,
                "subdir": "linux-64",
                "timestamp": 0,
                "track_features": "",
                "url": "https://conda.anaconda.org/conda-forge/linux-64/libcblas-3.11.0-11_h0358290_openblas.conda",
                "version": "3.11.0"
            },
            {
                "build": "h3c89d7e_3",
                "build_number": 0,
                "build_string": "h3c89d7e_3",
                "channel": "https://conda.anaconda.org/conda-forge",
                "constrains": [],
                "depends": [],
                "fn": "cairo-1.18.4-h3c89d7e_3.conda",
                "license": "",
                "md5": "7b870cffbaa8430290e567a0facd8dca",
                "name": "cairo",
                "size": 0,
                "subdir": "linux-64",
                "timestamp": 0,
                "track_features": "",
                "url": "https://conda.anaconda.org/conda-forge/linux-64/cairo-1.18.4-h3c89d7e_3.conda",
                "version": "1.18.4"
            },
            {
                "build": "hff38c0f_0",
                "build_number": 0,
                "build_string": "hff38c0f_0",
                "channel": "https://conda.anaconda.org/conda-forge",
                "constrains": [],
                "depends": [],
                "fn": "fltk-1.3.10-hff38c0f_0.conda",
                "license": "",
                "md5": "2d345e1c676fa81aef2c129ac0ed5608",
                "name": "fltk",
                "size": 0,
                "subdir": "linux-64",
                "timestamp": 0,
                "track_features": "",
                "url": "https://conda.anaconda.org/conda-forge/linux-64/fltk-1.3.10-hff38c0f_0.conda",
                "version": "1.3.10"
            },
            {
                "build": "py312h5cc1888_0",
                "build_number": 0,
                "build_string": "py312h5cc1888_0",
                "channel": "https://conda.anaconda.org/conda-forge",
                "constrains": [],
                "depends": [],
                "fn": "unicodedata2-18.0.0-py312h5cc1888_0.conda",
                "license": "",
                "md5": "070e15c0fbb80b2f2fe405419b763f68",
                "name": "unicodedata2",
                "size": 0,
                "subdir": "linux-64",
                "timestamp": 0,
                "track_features": "",
                "url": "https://conda.anaconda.org/conda-forge/linux-64/unicodedata2-18.0.0-py312h5cc1888_0.conda",
                "version": "18.0.0"
            },
            {
                "build": "py312h8a5da7c_0",
                "build_number": 0,
                "build_string": "py312h8a5da7c_0",
                "channel": "https://conda.anaconda.org/conda-forge",
                "constrains": [],
                "depends": [],
                "fn": "propcache-0.5.2-py312h8a5da7c_0.conda",
                "license": "",
                "md5": "d681d6ad9fa2ca3c8cacb7f3b23d54f3",
                "name": "propcache",
                "size": 0,
                "subdir": "linux-64",
                "timestamp": 0,
                "track_features": "",
                "url": "https://conda.anaconda.org/conda-forge/linux-64/propcache-0.5.2-py312h8a5da7c_0.conda",
                "version": "0.5.2"
            },
            {
                "build": "py312h447239a_0",
                "build_number": 0,
                "build_string": "py312h447239a_0",
                "channel": "https://conda.anaconda.org/conda-forge",
                "constrains": [],
                "depends": [],
                "fn": "frozenlist-1.8.0-py312h447239a_0.conda",
                "license": "",
                "md5": "6a42923f35087cc88a9fac31ef096ce6",
                "name": "frozenlist",
                "size": 0,
                "subdir": "linux-64",
                "timestamp": 0,
                "track_features": "",
                "url": "https://conda.anaconda.org/conda-forge/linux-64/frozenlist-1.8.0-py312h447239a_0.conda",
                "version": "1.8.0"
            },
            {
                "build": "py312h8a5da7c_0",
                "build_number": 0,
                "build_string": "py312h8a5da7c_0",
                "channel": "https://conda.anaconda.org/conda-forge",
                "constrains": [],
                "depends": [],
                "fn": "multidict-6.7.1-py312h8a5da7c_0.conda",
                "license": "",
                "md5": "17c77acc59407701b54404cfd3639cac",
                "name": "multidict",
                "size": 0,
                "subdir": "linux-64",
                "timestamp": 0,
                "track_features": "",
                "url": "https://conda.anaconda.org/conda-forge/linux-64/multidict-6.7.1-py312h8a5da7c_0.conda",
                "version": "6.7.1"
            },
            {
                "build": "py312h9be0db6_3",
                "build_number": 0,
                "build_string": "py312h9be0db6_3",
                "channel": "https://conda.anaconda.org/conda-forge",
                "constrains": [],
                "depends": [],
                "fn": "kiwisolver-1.5.1-py312h9be0db6_3.conda",
                "license": "",
                "md5": "52258f682691a6838dd40316265d9cee",
                "name": "kiwisolver",
                "size": 0,
                "subdir": "linux-64",
                "timestamp": 0,
                "track_features": "",
                "url": "https://conda.anaconda.org/conda-forge/linux-64/kiwisolver-1.5.1-py312h9be0db6_3.conda",
                "version": "1.5.1"
            },
            {
                "build": "py312h9be0db6_2",
                "build_number": 0,
                "build_string": "py312h9be0db6_2",
                "channel": "https://conda.anaconda.org/conda-forge",
                "constrains": [],
                "depends": [],
                "fn": "msgpack-python-1.2.2-py312h9be0db6_2.conda",
                "license": "",
                "md5": "e9600e8080bf57f25ad2e9f78564c895",
                "name": "msgpack-python",
                "size": 0,
                "subdir": "linux-64",
                "timestamp": 0,
                "track_features": "",
                "url": "https://conda.anaconda.org/conda-forge/linux-64/msgpack-python-1.2.2-py312h9be0db6_2.conda",
                "version": "1.2.2"
            },
            {
                "build": "h474f4eb_1",
                "build_number": 0,
                "build_string": "h474f4eb_1",
                "channel": "https://conda.anaconda.org/conda-forge",
                "constrains": [],
                "depends": [],
                "fn": "libllvm21-21.1.8-h474f4eb_1.conda",
                "license": "",
                "md5": "580bc512b273f4236bb37031620c091f",
                "name": "libllvm21",
                "size": 0,
                "subdir": "linux-64",
                "timestamp": 0,
                "track_features": "",
                "url": "https://conda.anaconda.org/conda-forge/linux-64/libllvm21-21.1.8-h474f4eb_1.conda",
                "version": "21.1.8"
            },
            {
                "build": "h51789e4_1",
                "build_number": 0,
                "build_string": "h51789e4_1",
                "channel": "https://conda.anaconda.org/conda-forge",
                "constrains": [],
                "depends": [],
                "fn": "libxkbcommon-1.13.2-h51789e4_1.conda",
                "license": "",
                "md5": "f888787e0eab7a8076a67d197e155ffc",
                "name": "libxkbcommon",
                "size": 0,
                "subdir": "linux-64",
                "timestamp": 0,
                "track_features": "",
                "url": "https://conda.anaconda.org/conda-forge/linux-64/libxkbcommon-1.13.2-h51789e4_1.conda",
                "version": "1.13.2"
            },
            {
                "build": "default_he001693_1000",
                "build_number": 0,
                "build_string": "default_he001693_1000",
                "channel": "https://conda.anaconda.org/conda-forge",
                "constrains": [],
                "depends": [],
                "fn": "libhwloc-2.13.0-default_he001693_1000.conda",
                "license": "",
                "md5": "c197985b58bc813d26b42881f0021c82",
                "name": "libhwloc",
                "size": 0,
                "subdir": "linux-64",
                "timestamp": 0,
                "track_features": "",
                "url": "https://conda.anaconda.org/conda-forge/linux-64/libhwloc-2.13.0-default_he001693_1000.conda",
                "version": "2.13.0"
            },
            {
                "build": "h3767062_0",
                "build_number": 0,
                "build_string": "h3767062_0",
                "channel": "https://conda.anaconda.org/conda-forge",
                "constrains": [],
                "depends": [],
                "fn": "proj-9.9.0-h3767062_0.conda",
                "license": "",
                "md5": "29e9221e3a2122d57234d424b94649b6",
                "name": "proj",
                "size": 0,
                "subdir": "linux-64",
                "timestamp": 0,
                "track_features": "",
                "url": "https://conda.anaconda.org/conda-forge/linux-64/proj-9.9.0-h3767062_0.conda",
                "version": "9.9.0"
            },
            {
                "build": "h9a6aba3_3",
                "build_number": 0,
                "build_string": "h9a6aba3_3",
                "channel": "https://conda.anaconda.org/conda-forge",
                "constrains": [],
                "depends": [],
                "fn": "pulseaudio-client-17.0-h9a6aba3_3.conda",
                "license": "",
                "md5": "b8ea447fdf62e3597cb8d2fae4eb1a90",
                "name": "pulseaudio-client",
                "size": 0,
                "subdir": "linux-64",
                "timestamp": 0,
                "track_features": "",
                "url": "https://conda.anaconda.org/conda-forge/linux-64/pulseaudio-client-17.0-h9a6aba3_3.conda",
                "version": "17.0"
            },
            {
                "build": "py312h38079b3_4",
                "build_number": 0,
                "build_string": "py312h38079b3_4",
                "channel": "https://conda.anaconda.org/conda-forge",
                "constrains": [],
                "depends": [],
                "fn": "pillow-12.3.0-py312h38079b3_4.conda",
                "license": "",
                "md5": "87d8e4053a968e8b20937e6cdd945a18",
                "name": "pillow",
                "size": 0,
                "subdir": "linux-64",
                "timestamp": 0,
                "track_features": "",
                "url": "https://conda.anaconda.org/conda-forge/linux-64/pillow-12.3.0-py312h38079b3_4.conda",
                "version": "12.3.0"
            },
            {
                "build": "ha9edf89_0",
                "build_number": 0,
                "build_string": "ha9edf89_0",
                "channel": "https://conda.anaconda.org/conda-forge",
                "constrains": [],
                "depends": [],
                "fn": "openexr-3.4.15-ha9edf89_0.conda",
                "license": "",
                "md5": "c9800c3c6d231e777ca98ac9024cb5cc",
                "name": "openexr",
                "size": 0,
                "subdir": "linux-64",
                "timestamp": 0,
                "track_features": "",
                "url": "https://conda.anaconda.org/conda-forge/linux-64/openexr-3.4.15-ha9edf89_0.conda",
                "version": "3.4.15"
            },
            {
                "build": "hc6a0c74_7",
                "build_number": 0,
                "build_string": "hc6a0c74_7",
                "channel": "https://conda.anaconda.org/conda-forge",
                "constrains": [],
                "depends": [],
                "fn": "gcc-16.2.0-hc6a0c74_7.conda",
                "license": "",
                "md5": "00e8f41f290448e696d1012c8a6c1679",
                "name": "gcc",
                "size": 0,
                "subdir": "linux-64",
                "timestamp": 0,
                "track_features": "",
                "url": "https://conda.anaconda.org/conda-forge/linux-64/gcc-16.2.0-hc6a0c74_7.conda",
                "version": "16.2.0"
            },
            {
                "build": "hb83e432_1",
                "build_number": 0,
                "build_string": "hb83e432_1",
                "channel": "https://conda.anaconda.org/conda-forge",
                "constrains": [],
                "depends": [],
                "fn": "libva-2.24.1-hb83e432_1.conda",
                "license": "",
                "md5": "c3e6df2790fff34ba708722052f02c0e",
                "name": "libva",
                "size": 0,
                "subdir": "linux-64",
                "timestamp": 0,
                "track_features": "",
                "url": "https://conda.anaconda.org/conda-forge/linux-64/libva-2.24.1-hb83e432_1.conda",
                "version": "2.24.1"
            },
            {
                "build": "h3abd4de_0",
                "build_number": 0,
                "build_string": "h3abd4de_0",
                "channel": "https://conda.anaconda.org/conda-forge",
                "constrains": [],
                "depends": [],
                "fn": "glew-2.2.0-h3abd4de_0.conda",
                "license": "",
                "md5": "6ea943ca4f0d01d6eec6a60d24415dc5",
                "name": "glew",
                "size": 0,
                "subdir": "linux-64",
                "timestamp": 0,
                "track_features": "",
                "url": "https://conda.anaconda.org/conda-forge/linux-64/glew-2.2.0-h3abd4de_0.conda",
                "version": "2.2.0"
            },
            {
                "build": "h36e74d4_2",
                "build_number": 0,
                "build_string": "h36e74d4_2",
                "channel": "https://conda.anaconda.org/conda-forge",
                "constrains": [],
                "depends": [],
                "fn": "gl2ps-1.4.2-h36e74d4_2.conda",
                "license": "",
                "md5": "787c780ff43f9f79d78d01e476b81a7c",
                "name": "gl2ps",
                "size": 0,
                "subdir": "linux-64",
                "timestamp": 0,
                "track_features": "",
                "url": "https://conda.anaconda.org/conda-forge/linux-64/gl2ps-1.4.2-h36e74d4_2.conda",
                "version": "1.4.2"
            },
            {
                "build": "ha4b6fd6_5",
                "build_number": 0,
                "build_string": "ha4b6fd6_5",
                "channel": "https://conda.anaconda.org/conda-forge",
                "constrains": [],
                "depends": [],
                "fn": "libgl-devel-1.7.0-ha4b6fd6_5.conda",
                "license": "",
                "md5": "f5f7fc038c611a25b22758c0a40d25c9",
                "name": "libgl-devel",
                "size": 0,
                "subdir": "linux-64",
                "timestamp": 0,
                "track_features": "",
                "url": "https://conda.anaconda.org/conda-forge/linux-64/libgl-devel-1.7.0-ha4b6fd6_5.conda",
                "version": "1.7.0"
            },
            {
                "build": "h0e34353_2",
                "build_number": 0,
                "build_string": "h0e34353_2",
                "channel": "https://conda.anaconda.org/conda-forge",
                "constrains": [],
                "depends": [],
                "fn": "libvulkan-loader-1.4.357.0-h0e34353_2.conda",
                "license": "",
                "md5": "c5f5f159b66332152197893427071695",
                "name": "libvulkan-loader",
                "size": 0,
                "subdir": "linux-64",
                "timestamp": 0,
                "track_features": "",
                "url": "https://conda.anaconda.org/conda-forge/linux-64/libvulkan-loader-1.4.357.0-h0e34353_2.conda",
                "version": "1.4.357.0"
            },
            {
                "build": "h7cc23a3_4",
                "build_number": 0,
                "build_string": "h7cc23a3_4",
                "channel": "https://conda.anaconda.org/conda-forge",
                "constrains": [],
                "depends": [],
                "fn": "xorg-libxtst-1.2.5-h7cc23a3_4.conda",
                "license": "",
                "md5": "752a5ac9322e0fbbc24146c1ce3ae44e",
                "name": "xorg-libxtst",
                "size": 0,
                "subdir": "linux-64",
                "timestamp": 0,
                "track_features": "",
                "url": "https://conda.anaconda.org/conda-forge/linux-64/xorg-libxtst-1.2.5-h7cc23a3_4.conda",
                "version": "1.2.5"
            },
            {
                "build": "h215f996_4",
                "build_number": 0,
                "build_string": "h215f996_4",
                "channel": "https://conda.anaconda.org/conda-forge",
                "constrains": [],
                "depends": [],
                "fn": "freeglut-3.2.2-h215f996_4.conda",
                "license": "",
                "md5": "b39dccf5af984bcb68ee2aa0f3213ea6",
                "name": "freeglut",
                "size": 0,
                "subdir": "linux-64",
                "timestamp": 0,
                "track_features": "",
                "url": "https://conda.anaconda.org/conda-forge/linux-64/freeglut-3.2.2-h215f996_4.conda",
                "version": "3.2.2"
            },
            {
                "build": "h59ddab4_7100102",
                "build_number": 0,
                "build_string": "h59ddab4_7100102",
                "channel": "https://conda.anaconda.org/conda-forge",
                "constrains": [],
                "depends": [],
                "fn": "libcholmod-5.3.1-h59ddab4_7100102.conda",
                "license": "",
                "md5": "4db212162ab589b22a44bacc8f0db47c",
                "name": "libcholmod",
                "size": 0,
                "subdir": "linux-64",
                "timestamp": 0,
                "track_features": "",
                "url": "https://conda.anaconda.org/conda-forge/linux-64/libcholmod-5.3.1-h59ddab4_7100102.conda",
                "version": "5.3.1"
            },
            {
                "build": "h8f6e6c4_0",
                "build_number": 0,
                "build_string": "h8f6e6c4_0",
                "channel": "https://conda.anaconda.org/conda-forge",
                "constrains": [],
                "depends": [],
                "fn": "superlu-7.0.1-h8f6e6c4_0.conda",
                "license": "",
                "md5": "6bd14d1838657334b3c0eb02f85561e2",
                "name": "superlu",
                "size": 0,
                "subdir": "linux-64",
                "timestamp": 0,
                "track_features": "",
                "url": "https://conda.anaconda.org/conda-forge/linux-64/superlu-7.0.1-h8f6e6c4_0.conda",
                "version": "7.0.1"
            },
            {
                "build": "py312he827f4e_0",
                "build_number": 0,
                "build_string": "py312he827f4e_0",
                "channel": "https://conda.anaconda.org/conda-forge",
                "constrains": [],
                "depends": [],
                "fn": "numpy-2.5.3-py312he827f4e_0.conda",
                "license": "",
                "md5": "5abf073f2cf066f2f3d28229b3cbe94d",
                "name": "numpy",
                "size": 0,
                "subdir": "linux-64",
                "timestamp": 0,
                "track_features": "",
                "url": "https://conda.anaconda.org/conda-forge/linux-64/numpy-2.5.3-py312he827f4e_0.conda",
                "version": "2.5.3"
            },
            {
                "build": "py312h2c41f56_1",
                "build_number": 0,
                "build_string": "py312h2c41f56_1",
                "channel": "https://conda.anaconda.org/conda-forge",
                "constrains": [],
                "depends": [],
                "fn": "fenics-libbasix-0.10.0-py312h2c41f56_1.conda",
                "license": "",
                "md5": "159c0cabb831c7e9768b6378e12cfcbd",
                "name": "fenics-libbasix",
                "size": 0,
                "subdir": "linux-64",
                "timestamp": 0,
                "track_features": "",
                "url": "https://conda.anaconda.org/conda-forge/linux-64/fenics-libbasix-0.10.0-py312h2c41f56_1.conda",
                "version": "0.10.0"
            },
            {
                "build": "h23af247_1",
                "build_number": 0,
                "build_string": "h23af247_1",
                "channel": "https://conda.anaconda.org/conda-forge",
                "constrains": [],
                "depends": [],
                "fn": "libharfbuzz-14.4.0-h23af247_1.conda",
                "license": "",
                "md5": "c44470b6bfa6a582cb4dd42cbda3401e",
                "name": "libharfbuzz",
                "size": 0,
                "subdir": "linux-64",
                "timestamp": 0,
                "track_features": "",
                "url": "https://conda.anaconda.org/conda-forge/linux-64/libharfbuzz-14.4.0-h23af247_1.conda",
                "version": "14.4.0"
            },
            {
                "build": "h3883810_2",
                "build_number": 0,
                "build_string": "h3883810_2",
                "channel": "https://conda.anaconda.org/conda-forge",
                "constrains": [],
                "depends": [],
                "fn": "libpq-18.6-h3883810_2.conda",
                "license": "",
                "md5": "bf4a620772888bef1da4c33f87fd1f72",
                "name": "libpq",
                "size": 0,
                "subdir": "linux-64",
                "timestamp": 0,
                "track_features": "",
                "url": "https://conda.anaconda.org/conda-forge/linux-64/libpq-18.6-h3883810_2.conda",
                "version": "18.6"
            },
            {
                "build": "hfd44327_0",
                "build_number": 0,
                "build_string": "hfd44327_0",
                "channel": "https://conda.anaconda.org/conda-forge",
                "constrains": [],
                "depends": [],
                "fn": "tbb-2023.1.0-hfd44327_0.conda",
                "license": "",
                "md5": "b17ef6c181922df16e9b1330fd00fe85",
                "name": "tbb",
                "size": 0,
                "subdir": "linux-64",
                "timestamp": 0,
                "track_features": "",
                "url": "https://conda.anaconda.org/conda-forge/linux-64/tbb-2023.1.0-hfd44327_0.conda",
                "version": "2023.1.0"
            },
            {
                "build": "h6f9170e_1",
                "build_number": 0,
                "build_string": "h6f9170e_1",
                "channel": "https://conda.anaconda.org/conda-forge",
                "constrains": [],
                "depends": [],
                "fn": "mpich-5.0.1-h6f9170e_1.conda",
                "license": "",
                "md5": "59d4da8d56516878beaac8577d3cbd74",
                "name": "mpich",
                "size": 0,
                "subdir": "linux-64",
                "timestamp": 0,
                "track_features": "",
                "url": "https://conda.anaconda.org/conda-forge/linux-64/mpich-5.0.1-h6f9170e_1.conda",
                "version": "5.0.1"
            },
            {
                "build": "hecca717_0",
                "build_number": 0,
                "build_string": "hecca717_0",
                "channel": "https://conda.anaconda.org/conda-forge",
                "constrains": [],
                "depends": [],
                "fn": "intel-media-driver-26.1.6-hecca717_0.conda",
                "license": "",
                "md5": "aaf7c3db8c7c4533deb5449d3ba1c51f",
                "name": "intel-media-driver",
                "size": 0,
                "subdir": "linux-64",
                "timestamp": 0,
                "track_features": "",
                "url": "https://conda.anaconda.org/conda-forge/linux-64/intel-media-driver-26.1.6-hecca717_0.conda",
                "version": "26.1.6"
            },
            {
                "build": "ha4b6fd6_5",
                "build_number": 0,
                "build_string": "ha4b6fd6_5",
                "channel": "https://conda.anaconda.org/conda-forge",
                "constrains": [],
                "depends": [],
                "fn": "libegl-devel-1.7.0-ha4b6fd6_5.conda",
                "license": "",
                "md5": "577800fc8c9d8b7d9727246bbfde704e",
                "name": "libegl-devel",
                "size": 0,
                "subdir": "linux-64",
                "timestamp": 0,
                "track_features": "",
                "url": "https://conda.anaconda.org/conda-forge/linux-64/libegl-devel-1.7.0-ha4b6fd6_5.conda",
                "version": "1.7.0"
            },
            {
                "build": "hc50b9dd_1",
                "build_number": 0,
                "build_string": "hc50b9dd_1",
                "channel": "https://conda.anaconda.org/conda-forge",
                "constrains": [],
                "depends": [],
                "fn": "libplacebo-7.360.1-hc50b9dd_1.conda",
                "license": "",
                "md5": "4a750e2ae0d52d003bb1e3421581585e",
                "name": "libplacebo",
                "size": 0,
                "subdir": "linux-64",
                "timestamp": 0,
                "track_features": "",
                "url": "https://conda.anaconda.org/conda-forge/linux-64/libplacebo-7.360.1-hc50b9dd_1.conda",
                "version": "7.360.1"
            },
            {
                "build": "h5330f5c_0",
                "build_number": 0,
                "build_string": "h5330f5c_0",
                "channel": "https://conda.anaconda.org/conda-forge",
                "constrains": [],
                "depends": [],
                "fn": "sdl3-3.4.16-h5330f5c_0.conda",
                "license": "",
                "md5": "1d4b9d45cd87da449d9f7c5c3b9ad6a4",
                "name": "sdl3",
                "size": 0,
                "subdir": "linux-64",
                "timestamp": 0,
                "track_features": "",
                "url": "https://conda.anaconda.org/conda-forge/linux-64/sdl3-3.4.16-h5330f5c_0.conda",
                "version": "3.4.16"
            },
            {
                "build": "hd038ad9_2",
                "build_number": 0,
                "build_string": "hd038ad9_2",
                "channel": "https://conda.anaconda.org/conda-forge",
                "constrains": [],
                "depends": [],
                "fn": "jasper-4.2.9-hd038ad9_2.conda",
                "license": "",
                "md5": "7b3e0e66ba910b1785312ada14ff664d",
                "name": "jasper",
                "size": 0,
                "subdir": "linux-64",
                "timestamp": 0,
                "track_features": "",
                "url": "https://conda.anaconda.org/conda-forge/linux-64/jasper-4.2.9-hd038ad9_2.conda",
                "version": "4.2.9"
            },
            {
                "build": "hf24d653_7100102",
                "build_number": 0,
                "build_string": "hf24d653_7100102",
                "channel": "https://conda.anaconda.org/conda-forge",
                "constrains": [],
                "depends": [],
                "fn": "libklu-2.3.5-hf24d653_7100102.conda",
                "license": "",
                "md5": "e1b72631b0ce2c6ac10213455829d0b0",
                "name": "libklu",
                "size": 0,
                "subdir": "linux-64",
                "timestamp": 0,
                "track_features": "",
                "url": "https://conda.anaconda.org/conda-forge/linux-64/libklu-2.3.5-hf24d653_7100102.conda",
                "version": "2.3.5"
            },
            {
                "build": "h852d39f_7100102",
                "build_number": 0,
                "build_string": "h852d39f_7100102",
                "channel": "https://conda.anaconda.org/conda-forge",
                "constrains": [],
                "depends": [],
                "fn": "libspqr-4.3.4-h852d39f_7100102.conda",
                "license": "",
                "md5": "998f1ce5ba9a7bb430e8422342bce782",
                "name": "libspqr",
                "size": 0,
                "subdir": "linux-64",
                "timestamp": 0,
                "track_features": "",
                "url": "https://conda.anaconda.org/conda-forge/linux-64/libspqr-4.3.4-h852d39f_7100102.conda",
                "version": "4.3.4"
            },
            {
                "build": "heb53515_7100102",
                "build_number": 0,
                "build_string": "heb53515_7100102",
                "channel": "https://conda.anaconda.org/conda-forge",
                "constrains": [],
                "depends": [],
                "fn": "libumfpack-6.3.5-heb53515_7100102.conda",
                "license": "",
                "md5": "2fad43d05ca015652b5add6c22be6427",
                "name": "libumfpack",
                "size": 0,
                "subdir": "linux-64",
                "timestamp": 0,
                "track_features": "",
                "url": "https://conda.anaconda.org/conda-forge/linux-64/libumfpack-6.3.5-heb53515_7100102.conda",
                "version": "6.3.5"
            },
            {
                "build": "py312h9be0db6_1",
                "build_number": 0,
                "build_string": "py312h9be0db6_1",
                "channel": "https://conda.anaconda.org/conda-forge",
                "constrains": [],
                "depends": [],
                "fn": "contourpy-1.4.0-py312h9be0db6_1.conda",
                "license": "",
                "md5": "64e62dfa49dd4688301b02d8cfea3687",
                "name": "contourpy",
                "size": 0,
                "subdir": "linux-64",
                "timestamp": 0,
                "track_features": "",
                "url": "https://conda.anaconda.org/conda-forge/linux-64/contourpy-1.4.0-py312h9be0db6_1.conda",
                "version": "1.4.0"
            },
            {
                "build": "py312h106c528_1",
                "build_number": 0,
                "build_string": "py312h106c528_1",
                "channel": "https://conda.anaconda.org/conda-forge",
                "constrains": [],
                "depends": [],
                "fn": "scipy-1.18.1-py312h106c528_1.conda",
                "license": "",
                "md5": "73cc9629383ee4e1f2166b314527b324",
                "name": "scipy",
                "size": 0,
                "subdir": "linux-64",
                "timestamp": 0,
                "track_features": "",
                "url": "https://conda.anaconda.org/conda-forge/linux-64/scipy-1.18.1-py312h106c528_1.conda",
                "version": "1.18.1"
            },
            {
                "build": "h3b6f6bf_1",
                "build_number": 0,
                "build_string": "h3b6f6bf_1",
                "channel": "https://conda.anaconda.org/conda-forge",
                "constrains": [],
                "depends": [],
                "fn": "libass-0.17.5-h3b6f6bf_1.conda",
                "license": "",
                "md5": "faaf338c59903174de76aca5181ba49e",
                "name": "libass",
                "size": 0,
                "subdir": "linux-64",
                "timestamp": 0,
                "track_features": "",
                "url": "https://conda.anaconda.org/conda-forge/linux-64/libass-0.17.5-h3b6f6bf_1.conda",
                "version": "0.17.5"
            },
            {
                "build": "h7bb47b9_1",
                "build_number": 0,
                "build_string": "h7bb47b9_1",
                "channel": "https://conda.anaconda.org/conda-forge",
                "constrains": [],
                "depends": [],
                "fn": "pango-1.58.2-h7bb47b9_1.conda",
                "license": "",
                "md5": "0b889b1c6b472d215d6332c6b195589c",
                "name": "pango",
                "size": 0,
                "subdir": "linux-64",
                "timestamp": 0,
                "track_features": "",
                "url": "https://conda.anaconda.org/conda-forge/linux-64/pango-1.58.2-h7bb47b9_1.conda",
                "version": "1.58.2"
            },
            {
                "build": "h23af247_1",
                "build_number": 0,
                "build_string": "h23af247_1",
                "channel": "https://conda.anaconda.org/conda-forge",
                "constrains": [],
                "depends": [],
                "fn": "libharfbuzz-devel-14.4.0-h23af247_1.conda",
                "license": "",
                "md5": "148cd995f5ba8af22412a4258abc2f94",
                "name": "libharfbuzz-devel",
                "size": 0,
                "subdir": "linux-64",
                "timestamp": 0,
                "track_features": "",
                "url": "https://conda.anaconda.org/conda-forge/linux-64/libharfbuzz-devel-14.4.0-h23af247_1.conda",
                "version": "14.4.0"
            },
            {
                "build": "h6406941_0",
                "build_number": 0,
                "build_string": "h6406941_0",
                "channel": "https://conda.anaconda.org/conda-forge",
                "constrains": [],
                "depends": [],
                "fn": "libraqm-0.11.0-h6406941_0.conda",
                "license": "",
                "md5": "3ac89a48d224409739dbf6200e524373",
                "name": "libraqm",
                "size": 0,
                "subdir": "linux-64",
                "timestamp": 0,
                "track_features": "",
                "url": "https://conda.anaconda.org/conda-forge/linux-64/libraqm-0.11.0-h6406941_0.conda",
                "version": "0.11.0"
            },
            {
                "build": "hf7e0547_0",
                "build_number": 0,
                "build_string": "hf7e0547_0",
                "channel": "https://conda.anaconda.org/conda-forge",
                "constrains": [],
                "depends": [],
                "fn": "libopenvino-2026.3.1-hf7e0547_0.conda",
                "license": "",
                "md5": "8ed292d0e780b85a5d20a5a0fb28a059",
                "name": "libopenvino",
                "size": 0,
                "subdir": "linux-64",
                "timestamp": 0,
                "track_features": "",
                "url": "https://conda.anaconda.org/conda-forge/linux-64/libopenvino-2026.3.1-hf7e0547_0.conda",
                "version": "2026.3.1"
            },
            {
                "build": "hfd44327_0",
                "build_number": 0,
                "build_string": "hfd44327_0",
                "channel": "https://conda.anaconda.org/conda-forge",
                "constrains": [],
                "depends": [],
                "fn": "tbb-devel-2023.1.0-hfd44327_0.conda",
                "license": "",
                "md5": "b60eac42cecc61819d66119cfe6bd76f",
                "name": "tbb-devel",
                "size": 0,
                "subdir": "linux-64",
                "timestamp": 0,
                "track_features": "",
                "url": "https://conda.anaconda.org/conda-forge/linux-64/tbb-devel-2023.1.0-hfd44327_0.conda",
                "version": "2023.1.0"
            },
            {
                "build": "py311h1f6f989_0",
                "build_number": 0,
                "build_string": "py311h1f6f989_0",
                "channel": "https://conda.anaconda.org/conda-forge",
                "constrains": [],
                "depends": [],
                "fn": "kahip-3.25-py311h1f6f989_0.conda",
                "license": "",
                "md5": "037d613e712bd5fa1899e52c93181d1c",
                "name": "kahip",
                "size": 0,
                "subdir": "linux-64",
                "timestamp": 0,
                "track_features": "",
                "url": "https://conda.anaconda.org/conda-forge/linux-64/kahip-3.25-py311h1f6f989_0.conda",
                "version": "3.25"
            },
            {
                "build": "hbfcd2fd_1009",
                "build_number": 0,
                "build_string": "hbfcd2fd_1009",
                "channel": "https://conda.anaconda.org/conda-forge",
                "constrains": [],
                "depends": [],
                "fn": "parmetis-4.0.3-hbfcd2fd_1009.conda",
                "license": "",
                "md5": "33e8b29f6b40f93745e8dcd88d43fa4a",
                "name": "parmetis",
                "size": 0,
                "subdir": "linux-64",
                "timestamp": 0,
                "track_features": "",
                "url": "https://conda.anaconda.org/conda-forge/linux-64/parmetis-4.0.3-hbfcd2fd_1009.conda",
                "version": "4.0.3"
            },
            {
                "build": "int32_hf9c0034_3",
                "build_number": 0,
                "build_string": "int32_hf9c0034_3",
                "channel": "https://conda.anaconda.org/conda-forge",
                "constrains": [],
                "depends": [],
                "fn": "libptscotch-7.0.11-int32_hf9c0034_3.conda",
                "license": "",
                "md5": "912c9091387480167ec7261b85b6765b",
                "name": "libptscotch",
                "size": 0,
                "subdir": "linux-64",
                "timestamp": 0,
                "track_features": "",
                "url": "https://conda.anaconda.org/conda-forge/linux-64/libptscotch-7.0.11-int32_hf9c0034_3.conda",
                "version": "7.0.11"
            },
            {
                "build": "h158544c_0",
                "build_number": 0,
                "build_string": "h158544c_0",
                "channel": "https://conda.anaconda.org/conda-forge",
                "constrains": [],
                "depends": [],
                "fn": "hypre-3.2.0-h158544c_0.conda",
                "license": "",
                "md5": "d48dfc1fe435ddee709b1f1bb61600fa",
                "name": "hypre",
                "size": 0,
                "subdir": "linux-64",
                "timestamp": 0,
                "track_features": "",
                "url": "https://conda.anaconda.org/conda-forge/linux-64/hypre-3.2.0-h158544c_0.conda",
                "version": "3.2.0"
            },
            {
                "build": "h13b89aa_6",
                "build_number": 0,
                "build_string": "h13b89aa_6",
                "channel": "https://conda.anaconda.org/conda-forge",
                "constrains": [],
                "depends": [],
                "fn": "scalapack-2.2.0-h13b89aa_6.conda",
                "license": "",
                "md5": "136e0a41cabcfb5777b2b4d84a00610e",
                "name": "scalapack",
                "size": 0,
                "subdir": "linux-64",
                "timestamp": 0,
                "track_features": "",
                "url": "https://conda.anaconda.org/conda-forge/linux-64/scalapack-2.2.0-h13b89aa_6.conda",
                "version": "2.2.0"
            },
            {
                "build": "mpi_mpich_h084ba78_0",
                "build_number": 0,
                "build_string": "mpi_mpich_h084ba78_0",
                "channel": "https://conda.anaconda.org/conda-forge",
                "constrains": [],
                "depends": [],
                "fn": "fftw-3.3.11-mpi_mpich_h084ba78_0.conda",
                "license": "",
                "md5": "aecf83c84d345f35f27fb0e0163e2d8e",
                "name": "fftw",
                "size": 0,
                "subdir": "linux-64",
                "timestamp": 0,
                "track_features": "",
                "url": "https://conda.anaconda.org/conda-forge/linux-64/fftw-3.3.11-mpi_mpich_h084ba78_0.conda",
                "version": "3.3.11"
            },
            {
                "build": "mpi_mpich_hfe583f4_10",
                "build_number": 0,
                "build_string": "mpi_mpich_hfe583f4_10",
                "channel": "https://conda.anaconda.org/conda-forge",
                "constrains": [],
                "depends": [],
                "fn": "hdf5-1.14.6-mpi_mpich_hfe583f4_10.conda",
                "license": "",
                "md5": "70dc9bdfaf0452f7fdeb08c8b081dc22",
                "name": "hdf5",
                "size": 0,
                "subdir": "linux-64",
                "timestamp": 0,
                "track_features": "",
                "url": "https://conda.anaconda.org/conda-forge/linux-64/hdf5-1.14.6-mpi_mpich_hfe583f4_10.conda",
                "version": "1.14.6"
            },
            {
                "build": "py312h5ecf655_101",
                "build_number": 0,
                "build_string": "py312h5ecf655_101",
                "channel": "https://conda.anaconda.org/conda-forge",
                "constrains": [],
                "depends": [],
                "fn": "mpi4py-4.1.2-py312h5ecf655_101.conda",
                "license": "",
                "md5": "fe5d10d059adb9d632ee6fa6c11aaa36",
                "name": "mpi4py",
                "size": 0,
                "subdir": "linux-64",
                "timestamp": 0,
                "track_features": "",
                "url": "https://conda.anaconda.org/conda-forge/linux-64/mpi4py-4.1.2-py312h5ecf655_101.conda",
                "version": "4.1.2"
            },
            {
                "build": "h54a6638_0",
                "build_number": 0,
                "build_string": "h54a6638_0",
                "channel": "https://conda.anaconda.org/conda-forge",
                "constrains": [],
                "depends": [],
                "fn": "libvpl-2.16.0-h54a6638_0.conda",
                "license": "",
                "md5": "9f6b0090c3902b2c763a16f7dace7b6e",
                "name": "libvpl",
                "size": 0,
                "subdir": "linux-64",
                "timestamp": 0,
                "track_features": "",
                "url": "https://conda.anaconda.org/conda-forge/linux-64/libvpl-2.16.0-h54a6638_0.conda",
                "version": "2.16.0"
            },
            {
                "build": "pl5321h9df5c37_0",
                "build_number": 0,
                "build_string": "pl5321h9df5c37_0",
                "channel": "https://conda.anaconda.org/conda-forge",
                "constrains": [],
                "depends": [],
                "fn": "qt6-main-6.11.2-pl5321h9df5c37_0.conda",
                "license": "",
                "md5": "2ff98660281d1c6bfebda5bffa52cc89",
                "name": "qt6-main",
                "size": 0,
                "subdir": "linux-64",
                "timestamp": 0,
                "track_features": "",
                "url": "https://conda.anaconda.org/conda-forge/linux-64/qt6-main-6.11.2-pl5321h9df5c37_0.conda",
                "version": "6.11.2"
            },
            {
                "build": "h54a6638_0",
                "build_number": 0,
                "build_string": "h54a6638_0",
                "channel": "https://conda.anaconda.org/conda-forge",
                "constrains": [],
                "depends": [],
                "fn": "sdl2-2.32.56-h54a6638_0.conda",
                "license": "",
                "md5": "cdd138897d94dc07d99afe7113a07bec",
                "name": "sdl2",
                "size": 0,
                "subdir": "linux-64",
                "timestamp": 0,
                "track_features": "",
                "url": "https://conda.anaconda.org/conda-forge/linux-64/sdl2-2.32.56-h54a6638_0.conda",
                "version": "2.32.56"
            },
            {
                "build": "h074291d_0",
                "build_number": 0,
                "build_string": "h074291d_0",
                "channel": "https://conda.anaconda.org/conda-forge",
                "constrains": [],
                "depends": [],
                "fn": "libraw-0.22.2-h074291d_0.conda",
                "license": "",
                "md5": "a11f92bd6dd6721cce01564c7c9fdb25",
                "name": "libraw",
                "size": 0,
                "subdir": "linux-64",
                "timestamp": 0,
                "track_features": "",
                "url": "https://conda.anaconda.org/conda-forge/linux-64/libraw-0.22.2-h074291d_0.conda",
                "version": "0.22.2"
            },
            {
                "build": "ha770c72_1",
                "build_number": 0,
                "build_string": "ha770c72_1",
                "channel": "https://conda.anaconda.org/conda-forge",
                "constrains": [],
                "depends": [],
                "fn": "harfbuzz-14.4.0-ha770c72_1.conda",
                "license": "",
                "md5": "d5c10e05d7135fca0731173c288bfff5",
                "name": "harfbuzz",
                "size": 0,
                "subdir": "linux-64",
                "timestamp": 0,
                "track_features": "",
                "url": "https://conda.anaconda.org/conda-forge/linux-64/harfbuzz-14.4.0-ha770c72_1.conda",
                "version": "14.4.0"
            },
            {
                "build": "hc0229a9_0",
                "build_number": 0,
                "build_string": "hc0229a9_0",
                "channel": "https://conda.anaconda.org/conda-forge",
                "constrains": [],
                "depends": [],
                "fn": "libopenvino-hetero-plugin-2026.3.1-hc0229a9_0.conda",
                "license": "",
                "md5": "76996545f632c1f8f1b6ba269b7efa78",
                "name": "libopenvino-hetero-plugin",
                "size": 0,
                "subdir": "linux-64",
                "timestamp": 0,
                "track_features": "",
                "url": "https://conda.anaconda.org/conda-forge/linux-64/libopenvino-hetero-plugin-2026.3.1-hc0229a9_0.conda",
                "version": "2026.3.1"
            },
            {
                "build": "h202117f_0",
                "build_number": 0,
                "build_string": "h202117f_0",
                "channel": "https://conda.anaconda.org/conda-forge",
                "constrains": [],
                "depends": [],
                "fn": "libopenvino-auto-batch-plugin-2026.3.1-h202117f_0.conda",
                "license": "",
                "md5": "78221ffaac5f45905b32a4882f85c42d",
                "name": "libopenvino-auto-batch-plugin",
                "size": 0,
                "subdir": "linux-64",
                "timestamp": 0,
                "track_features": "",
                "url": "https://conda.anaconda.org/conda-forge/linux-64/libopenvino-auto-batch-plugin-2026.3.1-h202117f_0.conda",
                "version": "2026.3.1"
            },
            {
                "build": "h9a43043_0",
                "build_number": 0,
                "build_string": "h9a43043_0",
                "channel": "https://conda.anaconda.org/conda-forge",
                "constrains": [],
                "depends": [],
                "fn": "libopenvino-tensorflow-frontend-2026.3.1-h9a43043_0.conda",
                "license": "",
                "md5": "c9352191bb377298f1d4eefa31529a6a",
                "name": "libopenvino-tensorflow-frontend",
                "size": 0,
                "subdir": "linux-64",
                "timestamp": 0,
                "track_features": "",
                "url": "https://conda.anaconda.org/conda-forge/linux-64/libopenvino-tensorflow-frontend-2026.3.1-h9a43043_0.conda",
                "version": "2026.3.1"
            },
            {
                "build": "hf7e0547_0",
                "build_number": 0,
                "build_string": "hf7e0547_0",
                "channel": "https://conda.anaconda.org/conda-forge",
                "constrains": [],
                "depends": [],
                "fn": "libopenvino-intel-cpu-plugin-2026.3.1-hf7e0547_0.conda",
                "license": "",
                "md5": "d8dd693c1a0ea3ec3e684831511b8d81",
                "name": "libopenvino-intel-cpu-plugin",
                "size": 0,
                "subdir": "linux-64",
                "timestamp": 0,
                "track_features": "",
                "url": "https://conda.anaconda.org/conda-forge/linux-64/libopenvino-intel-cpu-plugin-2026.3.1-hf7e0547_0.conda",
                "version": "2026.3.1"
            },
            {
                "build": "hf7e0547_0",
                "build_number": 0,
                "build_string": "hf7e0547_0",
                "channel": "https://conda.anaconda.org/conda-forge",
                "constrains": [],
                "depends": [],
                "fn": "libopenvino-intel-gpu-plugin-2026.3.1-hf7e0547_0.conda",
                "license": "",
                "md5": "c0833352f4c66f883f06f3895ac6e8f4",
                "name": "libopenvino-intel-gpu-plugin",
                "size": 0,
                "subdir": "linux-64",
                "timestamp": 0,
                "track_features": "",
                "url": "https://conda.anaconda.org/conda-forge/linux-64/libopenvino-intel-gpu-plugin-2026.3.1-hf7e0547_0.conda",
                "version": "2026.3.1"
            },
            {
                "build": "h09f0106_0",
                "build_number": 0,
                "build_string": "h09f0106_0",
                "channel": "https://conda.anaconda.org/conda-forge",
                "constrains": [],
                "depends": [],
                "fn": "libopenvino-paddle-frontend-2026.3.1-h09f0106_0.conda",
                "license": "",
                "md5": "c6217da00ade21420bf17b7763ad73ae",
                "name": "libopenvino-paddle-frontend",
                "size": 0,
                "subdir": "linux-64",
                "timestamp": 0,
                "track_features": "",
                "url": "https://conda.anaconda.org/conda-forge/linux-64/libopenvino-paddle-frontend-2026.3.1-h09f0106_0.conda",
                "version": "2026.3.1"
            },
            {
                "build": "ha623fbf_0",
                "build_number": 0,
                "build_string": "ha623fbf_0",
                "channel": "https://conda.anaconda.org/conda-forge",
                "constrains": [],
                "depends": [],
                "fn": "libopenvino-tensorflow-lite-frontend-2026.3.1-ha623fbf_0.conda",
                "license": "",
                "md5": "3d137fc391f46e636ca606b442a46e11",
                "name": "libopenvino-tensorflow-lite-frontend",
                "size": 0,
                "subdir": "linux-64",
                "timestamp": 0,
                "track_features": "",
                "url": "https://conda.anaconda.org/conda-forge/linux-64/libopenvino-tensorflow-lite-frontend-2026.3.1-ha623fbf_0.conda",
                "version": "2026.3.1"
            },
            {
                "build": "hc0229a9_0",
                "build_number": 0,
                "build_string": "hc0229a9_0",
                "channel": "https://conda.anaconda.org/conda-forge",
                "constrains": [],
                "depends": [],
                "fn": "libopenvino-ir-frontend-2026.3.1-hc0229a9_0.conda",
                "license": "",
                "md5": "84751393936b9d374e5d5f0e424bf162",
                "name": "libopenvino-ir-frontend",
                "size": 0,
                "subdir": "linux-64",
                "timestamp": 0,
                "track_features": "",
                "url": "https://conda.anaconda.org/conda-forge/linux-64/libopenvino-ir-frontend-2026.3.1-hc0229a9_0.conda",
                "version": "2026.3.1"
            },
            {
                "build": "h09f0106_0",
                "build_number": 0,
                "build_string": "h09f0106_0",
                "channel": "https://conda.anaconda.org/conda-forge",
                "constrains": [],
                "depends": [],
                "fn": "libopenvino-onnx-frontend-2026.3.1-h09f0106_0.conda",
                "license": "",
                "md5": "c0454189eadbc398ac8d758e1df348e1",
                "name": "libopenvino-onnx-frontend",
                "size": 0,
                "subdir": "linux-64",
                "timestamp": 0,
                "track_features": "",
                "url": "https://conda.anaconda.org/conda-forge/linux-64/libopenvino-onnx-frontend-2026.3.1-h09f0106_0.conda",
                "version": "2026.3.1"
            },
            {
                "build": "h202117f_0",
                "build_number": 0,
                "build_string": "h202117f_0",
                "channel": "https://conda.anaconda.org/conda-forge",
                "constrains": [],
                "depends": [],
                "fn": "libopenvino-auto-plugin-2026.3.1-h202117f_0.conda",
                "license": "",
                "md5": "b92521d029afe25bbc59434ddbe107f5",
                "name": "libopenvino-auto-plugin",
                "size": 0,
                "subdir": "linux-64",
                "timestamp": 0,
                "track_features": "",
                "url": "https://conda.anaconda.org/conda-forge/linux-64/libopenvino-auto-plugin-2026.3.1-h202117f_0.conda",
                "version": "2026.3.1"
            },
            {
                "build": "ha623fbf_0",
                "build_number": 0,
                "build_string": "ha623fbf_0",
                "channel": "https://conda.anaconda.org/conda-forge",
                "constrains": [],
                "depends": [],
                "fn": "libopenvino-pytorch-frontend-2026.3.1-ha623fbf_0.conda",
                "license": "",
                "md5": "1e50f2163f66ea9ccd07dc95856bad07",
                "name": "libopenvino-pytorch-frontend",
                "size": 0,
                "subdir": "linux-64",
                "timestamp": 0,
                "track_features": "",
                "url": "https://conda.anaconda.org/conda-forge/linux-64/libopenvino-pytorch-frontend-2026.3.1-ha623fbf_0.conda",
                "version": "2026.3.1"
            },
            {
                "build": "hf7e0547_0",
                "build_number": 0,
                "build_string": "hf7e0547_0",
                "channel": "https://conda.anaconda.org/conda-forge",
                "constrains": [],
                "depends": [],
                "fn": "libopenvino-intel-npu-plugin-2026.3.1-hf7e0547_0.conda",
                "license": "",
                "md5": "8e2395729e3da9ae0333f6266b2e65c8",
                "name": "libopenvino-intel-npu-plugin",
                "size": 0,
                "subdir": "linux-64",
                "timestamp": 0,
                "track_features": "",
                "url": "https://conda.anaconda.org/conda-forge/linux-64/libopenvino-intel-npu-plugin-2026.3.1-hf7e0547_0.conda",
                "version": "2026.3.1"
            },
            {
                "build": "h5edd517_2",
                "build_number": 0,
                "build_string": "h5edd517_2",
                "channel": "https://conda.anaconda.org/conda-forge",
                "constrains": [],
                "depends": [],
                "fn": "superlu_dist-9.2.1-h5edd517_2.conda",
                "license": "",
                "md5": "2a54644dd61f8cb2ea5b72da15164f4a",
                "name": "superlu_dist",
                "size": 0,
                "subdir": "linux-64",
                "timestamp": 0,
                "track_features": "",
                "url": "https://conda.anaconda.org/conda-forge/linux-64/superlu_dist-9.2.1-h5edd517_2.conda",
                "version": "9.2.1"
            },
            {
                "build": "gfortran_h18beee2_3",
                "build_number": 0,
                "build_string": "gfortran_h18beee2_3",
                "channel": "https://conda.anaconda.org/conda-forge",
                "constrains": [],
                "depends": [],
                "fn": "mumps-mpi-5.8.2-gfortran_h18beee2_3.conda",
                "license": "",
                "md5": "877ec416e9fde460449f5084b07bd8e7",
                "name": "mumps-mpi",
                "size": 0,
                "subdir": "linux-64",
                "timestamp": 0,
                "track_features": "",
                "url": "https://conda.anaconda.org/conda-forge/linux-64/mumps-mpi-5.8.2-gfortran_h18beee2_3.conda",
                "version": "5.8.2"
            },
            {
                "build": "hca82ae8_0",
                "build_number": 0,
                "build_string": "hca82ae8_0",
                "channel": "https://conda.anaconda.org/conda-forge",
                "constrains": [],
                "depends": [],
                "fn": "viskores-1.1.0-hca82ae8_0.conda",
                "license": "",
                "md5": "5b4d69a15107ebad71ee9aaf76c4b09e",
                "name": "viskores",
                "size": 0,
                "subdir": "linux-64",
                "timestamp": 0,
                "track_features": "",
                "url": "https://conda.anaconda.org/conda-forge/linux-64/viskores-1.1.0-hca82ae8_0.conda",
                "version": "1.1.0"
            },
            {
                "build": "nompi_h3fa17b5_201",
                "build_number": 0,
                "build_string": "nompi_h3fa17b5_201",
                "channel": "https://conda.anaconda.org/conda-forge",
                "constrains": [],
                "depends": [],
                "fn": "libnetcdf-4.10.1-nompi_h3fa17b5_201.conda",
                "license": "",
                "md5": "4612a01496444744808e82fa6da901d4",
                "name": "libnetcdf",
                "size": 0,
                "subdir": "linux-64",
                "timestamp": 0,
                "track_features": "",
                "url": "https://conda.anaconda.org/conda-forge/linux-64/libnetcdf-4.10.1-nompi_h3fa17b5_201.conda",
                "version": "4.10.1"
            },
            {
                "build": "nompi_haf96740_29",
                "build_number": 0,
                "build_string": "nompi_haf96740_29",
                "channel": "https://conda.anaconda.org/conda-forge",
                "constrains": [],
                "depends": [],
                "fn": "libmed-4.2-nompi_haf96740_29.conda",
                "license": "",
                "md5": "3afe969829dfb3e0cbd44bcfe2b830a0",
                "name": "libmed",
                "size": 0,
                "subdir": "linux-64",
                "timestamp": 0,
                "track_features": "",
                "url": "https://conda.anaconda.org/conda-forge/linux-64/libmed-4.2-nompi_haf96740_29.conda",
                "version": "4.2"
            },
            {
                "build": "mpi_mpich_h050f46b_5",
                "build_number": 0,
                "build_string": "mpi_mpich_h050f46b_5",
                "channel": "https://conda.anaconda.org/conda-forge",
                "constrains": [],
                "depends": [],
                "fn": "libadios2-2.12.1-mpi_mpich_h050f46b_5.conda",
                "license": "",
                "md5": "9d659342e2c80ab9a429d9150df8aa29",
                "name": "libadios2",
                "size": 0,
                "subdir": "linux-64",
                "timestamp": 0,
                "track_features": "",
                "url": "https://conda.anaconda.org/conda-forge/linux-64/libadios2-2.12.1-mpi_mpich_h050f46b_5.conda",
                "version": "2.12.1"
            },
            {
                "build": "hd1b7436_25",
                "build_number": 0,
                "build_string": "hd1b7436_25",
                "channel": "https://conda.anaconda.org/conda-forge",
                "constrains": [],
                "depends": [],
                "fn": "freeimage-3.18.0-hd1b7436_25.conda",
                "license": "",
                "md5": "75a0f76fd746271305b8769ce860632e",
                "name": "freeimage",
                "size": 0,
                "subdir": "linux-64",
                "timestamp": 0,
                "track_features": "",
                "url": "https://conda.anaconda.org/conda-forge/linux-64/freeimage-3.18.0-hd1b7436_25.conda",
                "version": "3.18.0"
            },
            {
                "build": "h4c96295_0",
                "build_number": 0,
                "build_string": "h4c96295_0",
                "channel": "https://conda.anaconda.org/conda-forge",
                "constrains": [],
                "depends": [],
                "fn": "librsvg-2.62.3-h4c96295_0.conda",
                "license": "",
                "md5": "492c8d9b1c564c2e948b6cb4ba0f8261",
                "name": "librsvg",
                "size": 0,
                "subdir": "linux-64",
                "timestamp": 0,
                "track_features": "",
                "url": "https://conda.anaconda.org/conda-forge/linux-64/librsvg-2.62.3-h4c96295_0.conda",
                "version": "2.62.3"
            },
            {
                "build": "real_h848054b_0",
                "build_number": 0,
                "build_string": "real_h848054b_0",
                "channel": "https://conda.anaconda.org/conda-forge",
                "constrains": [],
                "depends": [],
                "fn": "petsc-3.25.5-real_h848054b_0.conda",
                "license": "",
                "md5": "743ad1293548fbf2961b8bdc8e384579",
                "name": "petsc",
                "size": 0,
                "subdir": "linux-64",
                "timestamp": 0,
                "track_features": "",
                "url": "https://conda.anaconda.org/conda-forge/linux-64/petsc-3.25.5-real_h848054b_0.conda",
                "version": "3.25.5"
            },
            {
                "build": "gpl_h9b364d9_900",
                "build_number": 0,
                "build_string": "gpl_h9b364d9_900",
                "channel": "https://conda.anaconda.org/conda-forge",
                "constrains": [],
                "depends": [],
                "fn": "ffmpeg-9.0.2-gpl_h9b364d9_900.conda",
                "license": "",
                "md5": "85fbb9706867d94b3e1636381d2e346e",
                "name": "ffmpeg",
                "size": 0,
                "subdir": "linux-64",
                "timestamp": 0,
                "track_features": "",
                "url": "https://conda.anaconda.org/conda-forge/linux-64/ffmpeg-9.0.2-gpl_h9b364d9_900.conda",
                "version": "9.0.2"
            },
            {
                "build": "real_ha20dd8f_0",
                "build_number": 0,
                "build_string": "real_ha20dd8f_0",
                "channel": "https://conda.anaconda.org/conda-forge",
                "constrains": [],
                "depends": [],
                "fn": "slepc-3.25.2-real_ha20dd8f_0.conda",
                "license": "",
                "md5": "7d26ec3e22913045253dd89636456769",
                "name": "slepc",
                "size": 0,
                "subdir": "linux-64",
                "timestamp": 0,
                "track_features": "",
                "url": "https://conda.anaconda.org/conda-forge/linux-64/slepc-3.25.2-real_ha20dd8f_0.conda",
                "version": "3.25.2"
            },
            {
                "build": "py312h28d537f_107",
                "build_number": 0,
                "build_string": "py312h28d537f_107",
                "channel": "https://conda.anaconda.org/conda-forge",
                "constrains": [],
                "depends": [],
                "fn": "fenics-libdolfinx-0.10.0-py312h28d537f_107.conda",
                "license": "",
                "md5": "bb7362d62d0fdd0eb9c48446cb48241a",
                "name": "fenics-libdolfinx",
                "size": 0,
                "subdir": "linux-64",
                "timestamp": 0,
                "track_features": "",
                "url": "https://conda.anaconda.org/conda-forge/linux-64/fenics-libdolfinx-0.10.0-py312h28d537f_107.conda",
                "version": "0.10.0"
            },
            {
                "build": "pyh5ded981_0",
                "build_number": 0,
                "build_string": "pyh5ded981_0",
                "channel": "https://conda.anaconda.org/conda-forge",
                "constrains": [],
                "depends": [],
                "fn": "idna-3.20-pyh5ded981_0.conda",
                "license": "",
                "md5": "ee73be987f9de9ea5c2fdaeefa7b6491",
                "name": "idna",
                "size": 0,
                "subdir": "noarch",
                "timestamp": 0,
                "track_features": "",
                "url": "https://conda.anaconda.org/conda-forge/noarch/idna-3.20-pyh5ded981_0.conda",
                "version": "3.20"
            },
            {
                "build": "pyhe01879c_1",
                "build_number": 0,
                "build_string": "pyhe01879c_1",
                "channel": "https://conda.anaconda.org/conda-forge",
                "constrains": [],
                "depends": [],
                "fn": "six-1.17.0-pyhe01879c_1.conda",
                "license": "",
                "md5": "3339e3b65d58accf4ca4fb8748ab16b3",
                "name": "six",
                "size": 0,
                "subdir": "noarch",
                "timestamp": 0,
                "track_features": "",
                "url": "https://conda.anaconda.org/conda-forge/noarch/six-1.17.0-pyhe01879c_1.conda",
                "version": "1.17.0"
            },
            {
                "build": "pyhd8ed1ab_1",
                "build_number": 0,
                "build_string": "pyhd8ed1ab_1",
                "channel": "https://conda.anaconda.org/conda-forge",
                "constrains": [],
                "depends": [],
                "fn": "munkres-1.1.4-pyhd8ed1ab_1.conda",
                "license": "",
                "md5": "37293a85a0f4f77bbd9cf7aaefc62609",
                "name": "munkres",
                "size": 0,
                "subdir": "noarch",
                "timestamp": 0,
                "track_features": "",
                "url": "https://conda.anaconda.org/conda-forge/noarch/munkres-1.1.4-pyhd8ed1ab_1.conda",
                "version": "1.1.4"
            },
            {
                "build": "pyhd8ed1ab_0",
                "build_number": 0,
                "build_string": "pyhd8ed1ab_0",
                "channel": "https://conda.anaconda.org/conda-forge",
                "constrains": [],
                "depends": [],
                "fn": "aiohappyeyeballs-2.7.1-pyhd8ed1ab_0.conda",
                "license": "",
                "md5": "e51e09bf3b91c62b7461a9f94e92c2c9",
                "name": "aiohappyeyeballs",
                "size": 0,
                "subdir": "noarch",
                "timestamp": 0,
                "track_features": "",
                "url": "https://conda.anaconda.org/conda-forge/noarch/aiohappyeyeballs-2.7.1-pyhd8ed1ab_0.conda",
                "version": "2.7.1"
            },
            {
                "build": "pyhcf101f3_0",
                "build_number": 0,
                "build_string": "pyhcf101f3_0",
                "channel": "https://conda.anaconda.org/conda-forge",
                "constrains": [],
                "depends": [],
                "fn": "typing_extensions-4.16.0-pyhcf101f3_0.conda",
                "license": "",
                "md5": "c70ad746c22219b9700931707482992c",
                "name": "typing_extensions",
                "size": 0,
                "subdir": "noarch",
                "timestamp": 0,
                "track_features": "",
                "url": "https://conda.anaconda.org/conda-forge/noarch/typing_extensions-4.16.0-pyhcf101f3_0.conda",
                "version": "4.16.0"
            },
            {
                "build": "pyhcf101f3_0",
                "build_number": 0,
                "build_string": "pyhcf101f3_0",
                "channel": "https://conda.anaconda.org/conda-forge",
                "constrains": [],
                "depends": [],
                "fn": "attrs-26.1.0-pyhcf101f3_0.conda",
                "license": "",
                "md5": "c6b0543676ecb1fb2d7643941fe375f2",
                "name": "attrs",
                "size": 0,
                "subdir": "noarch",
                "timestamp": 0,
                "track_features": "",
                "url": "https://conda.anaconda.org/conda-forge/noarch/attrs-26.1.0-pyhcf101f3_0.conda",
                "version": "26.1.0"
            },
            {
                "build": "pyhcf101f3_2",
                "build_number": 0,
                "build_string": "pyhcf101f3_2",
                "channel": "https://conda.anaconda.org/conda-forge",
                "constrains": [],
                "depends": [],
                "fn": "cycler-0.12.1-pyhcf101f3_2.conda",
                "license": "",
                "md5": "4c2a8fef270f6c69591889b93f9f55c1",
                "name": "cycler",
                "size": 0,
                "subdir": "noarch",
                "timestamp": 0,
                "track_features": "",
                "url": "https://conda.anaconda.org/conda-forge/noarch/cycler-0.12.1-pyhcf101f3_2.conda",
                "version": "0.12.1"
            },
            {
                "build": "pyh5ded981_0",
                "build_number": 0,
                "build_string": "pyh5ded981_0",
                "channel": "https://conda.anaconda.org/conda-forge",
                "constrains": [],
                "depends": [],
                "fn": "pyparsing-3.3.3-pyh5ded981_0.conda",
                "license": "",
                "md5": "8bf43ae1312e9b966063459e04c20fa7",
                "name": "pyparsing",
                "size": 0,
                "subdir": "noarch",
                "timestamp": 0,
                "track_features": "",
                "url": "https://conda.anaconda.org/conda-forge/noarch/pyparsing-3.3.3-pyh5ded981_0.conda",
                "version": "3.3.3"
            },
            {
                "build": "pyhc364b38_0",
                "build_number": 0,
                "build_string": "pyhc364b38_0",
                "channel": "https://conda.anaconda.org/conda-forge",
                "constrains": [],
                "depends": [],
                "fn": "packaging-26.3-pyhc364b38_0.conda",
                "license": "",
                "md5": "936687ed80f295a1f5dbcf8bd34c252c",
                "name": "packaging",
                "size": 0,
                "subdir": "noarch",
                "timestamp": 0,
                "track_features": "",
                "url": "https://conda.anaconda.org/conda-forge/noarch/packaging-26.3-pyhc364b38_0.conda",
                "version": "26.3"
            },
            {
                "build": "pyhcf101f3_0",
                "build_number": 0,
                "build_string": "pyhcf101f3_0",
                "channel": "https://conda.anaconda.org/conda-forge",
                "constrains": [],
                "depends": [],
                "fn": "pycparser-3.0-pyhcf101f3_0.conda",
                "license": "",
                "md5": "9c5491066224083c41b6d5635ed7107b",
                "name": "pycparser",
                "size": 0,
                "subdir": "noarch",
                "timestamp": 0,
                "track_features": "",
                "url": "https://conda.anaconda.org/conda-forge/noarch/pycparser-3.0-pyhcf101f3_0.conda",
                "version": "3.0"
            },
            {
                "build": "py312hd8ed1ab_3",
                "build_number": 0,
                "build_string": "py312hd8ed1ab_3",
                "channel": "https://conda.anaconda.org/conda-forge",
                "constrains": [],
                "depends": [],
                "fn": "cpython-3.12.14-py312hd8ed1ab_3.conda",
                "license": "",
                "md5": "adee9213d9a98d7f8b5627209c8b4ae0",
                "name": "cpython",
                "size": 0,
                "subdir": "noarch",
                "timestamp": 0,
                "track_features": "",
                "url": "https://conda.anaconda.org/conda-forge/noarch/cpython-3.12.14-py312hd8ed1ab_3.conda",
                "version": "3.12.14"
            },
            {
                "build": "pyh332efcf_0",
                "build_number": 0,
                "build_string": "pyh332efcf_0",
                "channel": "https://conda.anaconda.org/conda-forge",
                "constrains": [],
                "depends": [],
                "fn": "setuptools-84.0.0-pyh332efcf_0.conda",
                "license": "",
                "md5": "62ac906f1cd582c6c264c95625cb9d6f",
                "name": "setuptools",
                "size": 0,
                "subdir": "noarch",
                "timestamp": 0,
                "track_features": "",
                "url": "https://conda.anaconda.org/conda-forge/noarch/setuptools-84.0.0-pyh332efcf_0.conda",
                "version": "84.0.0"
            },
            {
                "build": "pyhcf101f3_0",
                "build_number": 0,
                "build_string": "pyhcf101f3_0",
                "channel": "https://conda.anaconda.org/conda-forge",
                "constrains": [],
                "depends": [],
                "fn": "fenics-ufl-2025.2.1-pyhcf101f3_0.conda",
                "license": "",
                "md5": "84241f24b9a1872dd8d6cf6a4d5dca6d",
                "name": "fenics-ufl",
                "size": 0,
                "subdir": "noarch",
                "timestamp": 0,
                "track_features": "",
                "url": "https://conda.anaconda.org/conda-forge/noarch/fenics-ufl-2025.2.1-pyhcf101f3_0.conda",
                "version": "2025.2.1"
            },
            {
                "build": "pyhe01879c_2",
                "build_number": 0,
                "build_string": "pyhe01879c_2",
                "channel": "https://conda.anaconda.org/conda-forge",
                "constrains": [],
                "depends": [],
                "fn": "python-dateutil-2.9.0.post0-pyhe01879c_2.conda",
                "license": "",
                "md5": "5b8d21249ff20967101ffa321cab24e8",
                "name": "python-dateutil",
                "size": 0,
                "subdir": "noarch",
                "timestamp": 0,
                "track_features": "",
                "url": "https://conda.anaconda.org/conda-forge/noarch/python-dateutil-2.9.0.post0-pyhe01879c_2.conda",
                "version": "2.9.0.post0"
            },
            {
                "build": "pyhd8ed1ab_0",
                "build_number": 0,
                "build_string": "pyhd8ed1ab_0",
                "channel": "https://conda.anaconda.org/conda-forge",
                "constrains": [],
                "depends": [],
                "fn": "aiosignal-1.4.0-pyhd8ed1ab_0.conda",
                "license": "",
                "md5": "421a865222cd0c9d83ff08bc78bf3a61",
                "name": "aiosignal",
                "size": 0,
                "subdir": "noarch",
                "timestamp": 0,
                "track_features": "",
                "url": "https://conda.anaconda.org/conda-forge/noarch/aiosignal-1.4.0-pyhd8ed1ab_0.conda",
                "version": "1.4.0"
            },
            {
                "build": "pyhd8ed1ab_0",
                "build_number": 0,
                "build_string": "pyhd8ed1ab_0",
                "channel": "https://conda.anaconda.org/conda-forge",
                "constrains": [],
                "depends": [],
                "fn": "wheel-0.48.0-pyhd8ed1ab_0.conda",
                "license": "",
                "md5": "9a2124517bfd5d792e0f7b86eefdfeb8",
                "name": "wheel",
                "size": 0,
                "subdir": "noarch",
                "timestamp": 0,
                "track_features": "",
                "url": "https://conda.anaconda.org/conda-forge/noarch/wheel-0.48.0-pyhd8ed1ab_0.conda",
                "version": "0.48.0"
            },
            {
                "build": "hd8ed1ab_3",
                "build_number": 0,
                "build_string": "hd8ed1ab_3",
                "channel": "https://conda.anaconda.org/conda-forge",
                "constrains": [],
                "depends": [],
                "fn": "python-gil-3.12.14-hd8ed1ab_3.conda",
                "license": "",
                "md5": "7fafcd204183cfa7c1ae4ad9c2d8d414",
                "name": "python-gil",
                "size": 0,
                "subdir": "noarch",
                "timestamp": 0,
                "track_features": "",
                "url": "https://conda.anaconda.org/conda-forge/noarch/python-gil-3.12.14-hd8ed1ab_3.conda",
                "version": "3.12.14"
            },
            {
                "build": "pyh8b19718_0",
                "build_number": 0,
                "build_string": "pyh8b19718_0",
                "channel": "https://conda.anaconda.org/conda-forge",
                "constrains": [],
                "depends": [],
                "fn": "pip-26.2.1-pyh8b19718_0.conda",
                "license": "",
                "md5": "77b6cf3b0689d9fc68561df0db9b856d",
                "name": "pip",
                "size": 0,
                "subdir": "noarch",
                "timestamp": 0,
                "track_features": "",
                "url": "https://conda.anaconda.org/conda-forge/noarch/pip-26.2.1-pyh8b19718_0.conda",
                "version": "26.2.1"
            },
            {
                "build": "hd8ed1ab_3",
                "build_number": 0,
                "build_string": "hd8ed1ab_3",
                "channel": "https://conda.anaconda.org/conda-forge",
                "constrains": [],
                "depends": [],
                "fn": "_python_abi3_support-1.0-hd8ed1ab_3.conda",
                "license": "",
                "md5": "3845f3d75991bae0fb90884662f4327c",
                "name": "_python_abi3_support",
                "size": 0,
                "subdir": "noarch",
                "timestamp": 0,
                "track_features": "",
                "url": "https://conda.anaconda.org/conda-forge/noarch/_python_abi3_support-1.0-hd8ed1ab_3.conda",
                "version": "1.0"
            },
            {
                "build": "py312h8a5da7c_0",
                "build_number": 0,
                "build_string": "py312h8a5da7c_0",
                "channel": "https://conda.anaconda.org/conda-forge",
                "constrains": [],
                "depends": [],
                "fn": "yarl-1.24.5-py312h8a5da7c_0.conda",
                "license": "",
                "md5": "ef4788bdfaa84f3ae3a9c1390eaf3e73",
                "name": "yarl",
                "size": 0,
                "subdir": "linux-64",
                "timestamp": 0,
                "track_features": "",
                "url": "https://conda.anaconda.org/conda-forge/linux-64/yarl-1.24.5-py312h8a5da7c_0.conda",
                "version": "1.24.5"
            },
            {
                "build": "py312hfd18d64_0",
                "build_number": 0,
                "build_string": "py312hfd18d64_0",
                "channel": "https://conda.anaconda.org/conda-forge",
                "constrains": [],
                "depends": [],
                "fn": "fonttools-4.66.0-py312hfd18d64_0.conda",
                "license": "",
                "md5": "abfa8a0cafbbcbe90428fa2e5d4dbdb5",
                "name": "fonttools",
                "size": 0,
                "subdir": "linux-64",
                "timestamp": 0,
                "track_features": "",
                "url": "https://conda.anaconda.org/conda-forge/linux-64/fonttools-4.66.0-py312hfd18d64_0.conda",
                "version": "4.66.0"
            },
            {
                "build": "py312h460c074_0",
                "build_number": 0,
                "build_string": "py312h460c074_0",
                "channel": "https://conda.anaconda.org/conda-forge",
                "constrains": [],
                "depends": [],
                "fn": "cffi-2.1.1-py312h460c074_0.conda",
                "license": "",
                "md5": "a9d08f233128bc42fae8fe17c13df103",
                "name": "cffi",
                "size": 0,
                "subdir": "linux-64",
                "timestamp": 0,
                "track_features": "",
                "url": "https://conda.anaconda.org/conda-forge/linux-64/cffi-2.1.1-py312h460c074_0.conda",
                "version": "2.1.1"
            },
            {
                "build": "np2py311h3a91f14_1",
                "build_number": 0,
                "build_string": "np2py311h3a91f14_1",
                "channel": "https://conda.anaconda.org/conda-forge",
                "constrains": [],
                "depends": [],
                "fn": "petsc4py-3.25.5-np2py311h3a91f14_1.conda",
                "license": "",
                "md5": "048500b8991a20070dfadd97f3567c1c",
                "name": "petsc4py",
                "size": 0,
                "subdir": "linux-64",
                "timestamp": 0,
                "track_features": "",
                "url": "https://conda.anaconda.org/conda-forge/linux-64/petsc4py-3.25.5-np2py311h3a91f14_1.conda",
                "version": "3.25.5"
            },
            {
                "build": "py312h31cd249_1",
                "build_number": 0,
                "build_string": "py312h31cd249_1",
                "channel": "https://conda.anaconda.org/conda-forge",
                "constrains": [],
                "depends": [],
                "fn": "fenics-basix-0.10.0-py312h31cd249_1.conda",
                "license": "",
                "md5": "32273d1e1b916420934569c5a3d66a49",
                "name": "fenics-basix",
                "size": 0,
                "subdir": "linux-64",
                "timestamp": 0,
                "track_features": "",
                "url": "https://conda.anaconda.org/conda-forge/linux-64/fenics-basix-0.10.0-py312h31cd249_1.conda",
                "version": "0.10.0"
            },
            {
                "build": "py312h5d8c7f2_0",
                "build_number": 0,
                "build_string": "py312h5d8c7f2_0",
                "channel": "https://conda.anaconda.org/conda-forge",
                "constrains": [],
                "depends": [],
                "fn": "aiohttp-3.14.3-py312h5d8c7f2_0.conda",
                "license": "",
                "md5": "fe9eb34a1c0e51dfc5d98f41c5ddc8b8",
                "name": "aiohttp",
                "size": 0,
                "subdir": "linux-64",
                "timestamp": 0,
                "track_features": "",
                "url": "https://conda.anaconda.org/conda-forge/linux-64/aiohttp-3.14.3-py312h5d8c7f2_0.conda",
                "version": "3.14.3"
            },
            {
                "build": "py312hfe9aac7_1",
                "build_number": 0,
                "build_string": "py312hfe9aac7_1",
                "channel": "https://conda.anaconda.org/conda-forge",
                "constrains": [],
                "depends": [],
                "fn": "matplotlib-base-3.11.2-py312hfe9aac7_1.conda",
                "license": "",
                "md5": "0745f1af620efcb1095d8ddabcb2ed8b",
                "name": "matplotlib-base",
                "size": 0,
                "subdir": "linux-64",
                "timestamp": 0,
                "track_features": "",
                "url": "https://conda.anaconda.org/conda-forge/linux-64/matplotlib-base-3.11.2-py312hfe9aac7_1.conda",
                "version": "3.11.2"
            },
            {
                "build": "np2py311h755a770_0",
                "build_number": 0,
                "build_string": "np2py311h755a770_0",
                "channel": "https://conda.anaconda.org/conda-forge",
                "constrains": [],
                "depends": [],
                "fn": "slepc4py-3.25.2-np2py311h755a770_0.conda",
                "license": "",
                "md5": "5452e845d68272a1d78c2e0d2de6c91c",
                "name": "slepc4py",
                "size": 0,
                "subdir": "linux-64",
                "timestamp": 0,
                "track_features": "",
                "url": "https://conda.anaconda.org/conda-forge/linux-64/slepc4py-3.25.2-np2py311h755a770_0.conda",
                "version": "3.25.2"
            },
            {
                "build": "pyhbc3ee6d_1",
                "build_number": 0,
                "build_string": "pyhbc3ee6d_1",
                "channel": "https://conda.anaconda.org/conda-forge",
                "constrains": [],
                "depends": [],
                "fn": "fenics-ffcx-0.10.1-pyhbc3ee6d_1.conda",
                "license": "",
                "md5": "d37671d8e59bdccbc1ef2defa740bdaa",
                "name": "fenics-ffcx",
                "size": 0,
                "subdir": "noarch",
                "timestamp": 0,
                "track_features": "",
                "url": "https://conda.anaconda.org/conda-forge/noarch/fenics-ffcx-0.10.1-pyhbc3ee6d_1.conda",
                "version": "0.10.1"
            },
            {
                "build": "pyhd8ed1ab_0",
                "build_number": 0,
                "build_string": "pyhd8ed1ab_0",
                "channel": "https://conda.anaconda.org/conda-forge",
                "constrains": [],
                "depends": [],
                "fn": "wslink-2.5.7-pyhd8ed1ab_0.conda",
                "license": "",
                "md5": "410dee7cbee308f33b01645f16f11efc",
                "name": "wslink",
                "size": 0,
                "subdir": "noarch",
                "timestamp": 0,
                "track_features": "",
                "url": "https://conda.anaconda.org/conda-forge/noarch/wslink-2.5.7-pyhd8ed1ab_0.conda",
                "version": "2.5.7"
            },
            {
                "build": "py312hb628681_107",
                "build_number": 0,
                "build_string": "py312hb628681_107",
                "channel": "https://conda.anaconda.org/conda-forge",
                "constrains": [],
                "depends": [],
                "fn": "fenics-dolfinx-0.10.0-py312hb628681_107.conda",
                "license": "",
                "md5": "c493b18f49b553f2a36f761f8af167d2",
                "name": "fenics-dolfinx",
                "size": 0,
                "subdir": "linux-64",
                "timestamp": 0,
                "track_features": "",
                "url": "https://conda.anaconda.org/conda-forge/linux-64/fenics-dolfinx-0.10.0-py312hb628681_107.conda",
                "version": "0.10.0"
            },
            {
                "build": "py312h3887a20_1",
                "build_number": 0,
                "build_string": "py312h3887a20_1",
                "channel": "https://conda.anaconda.org/conda-forge",
                "constrains": [],
                "depends": [],
                "fn": "vtk-base-9.7.0-py312h3887a20_1.conda",
                "license": "",
                "md5": "e700d3c3fabaa8217f1ef432241db887",
                "name": "vtk-base",
                "size": 0,
                "subdir": "linux-64",
                "timestamp": 0,
                "track_features": "",
                "url": "https://conda.anaconda.org/conda-forge/linux-64/vtk-base-9.7.0-py312h3887a20_1.conda",
                "version": "9.7.0"
            },
            {
                "build": "py312he22aa51_1",
                "build_number": 0,
                "build_string": "py312he22aa51_1",
                "channel": "https://conda.anaconda.org/conda-forge",
                "constrains": [],
                "depends": [],
                "fn": "vtk-io-ffmpeg-9.7.0-py312he22aa51_1.conda",
                "license": "",
                "md5": "bc5c594368f5b8175409f0667fc04243",
                "name": "vtk-io-ffmpeg",
                "size": 0,
                "subdir": "linux-64",
                "timestamp": 0,
                "track_features": "",
                "url": "https://conda.anaconda.org/conda-forge/linux-64/vtk-io-ffmpeg-9.7.0-py312he22aa51_1.conda",
                "version": "9.7.0"
            },
            {
                "build": "py312he5a52f0_1",
                "build_number": 0,
                "build_string": "py312he5a52f0_1",
                "channel": "https://conda.anaconda.org/conda-forge",
                "constrains": [],
                "depends": [],
                "fn": "vtk-9.7.0-py312he5a52f0_1.conda",
                "license": "",
                "md5": "a413872933560599577a1617c8a265de",
                "name": "vtk",
                "size": 0,
                "subdir": "linux-64",
                "timestamp": 0,
                "track_features": "",
                "url": "https://conda.anaconda.org/conda-forge/linux-64/vtk-9.7.0-py312he5a52f0_1.conda",
                "version": "9.7.0"
            },
            {
                "build": "all_hbfeb9d6_201",
                "build_number": 0,
                "build_string": "all_hbfeb9d6_201",
                "channel": "https://conda.anaconda.org/conda-forge",
                "constrains": [],
                "depends": [],
                "fn": "occt-8.0.1-all_hbfeb9d6_201.conda",
                "license": "",
                "md5": "5dbcc899c7afc54e957c70382ed2d517",
                "name": "occt",
                "size": 0,
                "subdir": "linux-64",
                "timestamp": 0,
                "track_features": "",
                "url": "https://conda.anaconda.org/conda-forge/linux-64/occt-8.0.1-all_hbfeb9d6_201.conda",
                "version": "8.0.1"
            },
            {
                "build": "h09a0abf_11",
                "build_number": 0,
                "build_string": "h09a0abf_11",
                "channel": "https://conda.anaconda.org/conda-forge",
                "constrains": [],
                "depends": [],
                "fn": "gmsh-4.15.2-h09a0abf_11.conda",
                "license": "",
                "md5": "d0a484f4a2cebcd17eaee2895179017d",
                "name": "gmsh",
                "size": 0,
                "subdir": "linux-64",
                "timestamp": 0,
                "track_features": "",
                "url": "https://conda.anaconda.org/conda-forge/linux-64/gmsh-4.15.2-h09a0abf_11.conda",
                "version": "4.15.2"
            },
            {
                "build": "pyh694c41f_11",
                "build_number": 0,
                "build_string": "pyh694c41f_11",
                "channel": "https://conda.anaconda.org/conda-forge",
                "constrains": [],
                "depends": [],
                "fn": "python-gmsh-4.15.2-pyh694c41f_11.conda",
                "license": "",
                "md5": "fd02f5d4c2161ae35e8dcb11d33f2114",
                "name": "python-gmsh",
                "size": 0,
                "subdir": "noarch",
                "timestamp": 0,
                "track_features": "",
                "url": "https://conda.anaconda.org/conda-forge/noarch/python-gmsh-4.15.2-pyh694c41f_11.conda",
                "version": "4.15.2"
            }
        ],
        "PREFIX": "/tmp/navier-fenicsx-r229"
    },
    "dry_run": false,
    "log_history": [
        {
            "level": "warning",
            "location": "/home/conda/feedstock_root/build_artifacts/micromamba_1786125696885/work/mamba/libmamba/src/core/transaction.cpp:1170:13 bool mamba::MTransaction::prompt(const mamba::Context&, mamba::ChannelContext&)",
            "message": "Security Warning: This transaction includes executing package scripts (pre/post-link/unlink) if present. These scripts can contain arbitrary code. Please ensure you trust the package sources.",
            "source": "libmamba"
        },
        {
            "level": "warning",
            "location": "/home/conda/feedstock_root/build_artifacts/micromamba_1786125696885/work/mamba/libmamba/src/core/link.cpp:611:9 bool mamba::run_script(const TransactionParams&, const PrefixParams&, const fs::u8path&, const specs::PackageInfo&, const std::string&, const std::string&, bool)",
            "message": "Executing post-link script for package 'ucx'.",
            "source": "libmamba"
        },
        {
            "level": "warning",
            "location": "/home/conda/feedstock_root/build_artifacts/micromamba_1786125696885/work/mamba/libmamba/src/core/link.cpp:611:9 bool mamba::run_script(const TransactionParams&, const PrefixParams&, const fs::u8path&, const specs::PackageInfo&, const std::string&, const std::string&, bool)",
            "message": "Executing post-link script for package 'gdk-pixbuf'.",
            "source": "libmamba"
        },
        {
            "level": "warning",
            "location": "/home/conda/feedstock_root/build_artifacts/micromamba_1786125696885/work/mamba/libmamba/src/core/link.cpp:611:9 bool mamba::run_script(const TransactionParams&, const PrefixParams&, const fs::u8path&, const specs::PackageInfo&, const std::string&, const std::string&, bool)",
            "message": "Executing post-link script for package 'librsvg'.",
            "source": "libmamba"
        }
    ],
    "prefix": "/tmp/navier-fenicsx-r229",
    "success": true
}
